Experiment;Name;Weather;Soil;Year;Cutting;Crop;Cultivar;Lat;Long;Elevation
EX1;BAR_001_MGFE_2024;weather1;BAR_001;2024;default_cut;GR;Grass_CLV4;53.8328753;13.8095692;-3.2816197872161865
EX2;BAR_002_MGFE_2024;weather1;BAR_002;2024;default_cut;GR;Grass_CLV4;53.8329139;13.809407;-3.2816197872161865
EX3;BAR_003_MGFE_2024;weather1;BAR_003;2024;default_cut;GR;Grass_CLV4;53.8332972;13.810022;-3.2816197872161865
EX4;BAR_004_MGFE_2024;weather1;BAR_004;2024;default_cut;GR;Grass_CLV4;53.8326612;13.8095499;-3.2816197872161865
EX5;BAR_005_MGFE_2024;weather1;BAR_005;2024;default_cut;GR;Grass_CLV4;53.8327067;13.8125285;-3.2816197872161865
EX6;BAR_006_MGFE_2024;weather1;BAR_006;2024;default_cut;GR;Grass_CLV4;53.8329469;13.8144806;-3.2816197872161865
EX7;BAR_007_MGFE_2024;weather1;BAR_007;2024;default_cut;GR;Grass_CLV4;53.8326084;13.8138626;-3.2816197872161865
EX8;BAR_008_MGFE_2024;weather1;BAR_008;2024;default_cut;GR;Grass_CLV4;53.8326603;13.8160687;-3.2816197872161865
EX9;BAR_009_MGFE_2024;weather1;BAR_009;2024;default_cut;GR;Grass_CLV4;53.8330066;13.8173214;-3.2816197872161865
EX10;BAR_010_MGFE_2024;weather1;BAR_010;2024;default_cut;GR;Grass_CLV4;53.8327242;13.8127625;-3.2816197872161865
EX11;BAR_011_MGFE_2024;weather1;BAR_011;2024;default_cut;GR;Grass_CLV4;53.8363879;13.8139811;-3.2816197872161865
EX12;BAR_012_MGFE_2024;weather1;BAR_012;2024;default_cut;GR;Grass_CLV4;53.8367009;13.8142814;-3.2816197872161865
EX13;BAR_013_MGFE_2024;weather1;BAR_013;2024;default_cut;GR;Grass_CLV4;53.8361004;13.8154799;-3.2816197872161865
EX14;BAR_014_MGFE_2024;weather1;BAR_014;2024;default_cut;GR;Grass_CLV4;53.8360721;13.816793;-3.2816197872161865
EX15;BAR_015_MGFE_2024;weather1;BAR_015;2024;default_cut;GR;Grass_CLV4;53.8354442;13.8164223;-3.2816197872161865
EX16;BAR_016_MGFE_2024;weather1;BAR_016;2024;default_cut;GR;Grass_CLV4;53.8346937;13.81709;-3.2816197872161865
EX17;BAR_017_MGFE_2024;weather1;BAR_017;2024;default_cut;GR;Grass_CLV4;53.8345216;13.8170769;-3.2816197872161865
EX18;BAR_018_MGFE_2024;weather1;BAR_018;2024;default_cut;GR;Grass_CLV4;53.8351146;13.8142745;-3.2816197872161865
EX19;BAR_019_MGFE_2024;weather1;BAR_019;2024;default_cut;GR;Grass_CLV4;53.8352062;13.812503;-3.2816197872161865
EX20;BAR_020_MGFE_2024;weather1;BAR_020;2024;default_cut;GR;Grass_CLV4;53.8356902;13.8110367;-3.2816197872161865
EX21;BAR_021_MGFE_2024;weather1;BAR_021;2024;default_cut;GR;Grass_CLV4;53.8357414;13.8131559;-3.2816197872161865
EX22;BAR_022_MGFE_2024;weather1;BAR_022;2024;default_cut;GR;Grass_CLV4;53.8327444;13.8114034;-3.2816197872161865
EX23;MSW_001_MGFE_2023;weather13;MSW_001;2024;default_cut;GR;Grass_CLV4;52.8156384;13.2681508;44.574195861816406
EX24;MSW_002_MGFE_2023;weather13;MSW_002;2024;default_cut;GR;Grass_CLV4;52.8149746;13.2688838;44.574195861816406
EX25;MSW_003_MGFE_2023;weather13;MSW_003;2024;default_cut;GR;Grass_CLV4;52.8144404;13.2694394;44.574195861816406
EX26;MSW_004_MGFE_2023;weather13;MSW_004;2024;default_cut;GR;Grass_CLV4;52.8137898;13.2699588;44.574195861816406
EX27;MSW_005_MGFE_2023;weather13;MSW_005;2024;default_cut;GR;Grass_CLV4;52.8132407;13.2700565;44.574195861816406
EX28;MSW_006_MGFE_2023;weather13;MSW_006;2024;default_cut;GR;Grass_CLV4;52.813775;13.2711464;44.574195861816406
EX29;MSW_007_MGFE_2023;weather13;MSW_007;2024;default_cut;GR;Grass_CLV4;52.8140965;13.2715778;44.574195861816406
EX30;MSW_008_MGFE_2023;weather13;MSW_008;2024;default_cut;GR;Grass_CLV4;52.8134249;13.2744854;44.574195861816406
EX31;MSW_009_MGFE_2023;weather13;MSW_009;2024;default_cut;GR;Grass_CLV4;52.812788;13.2750809;44.574195861816406
EX32;MSW_010_MGFE_2023;weather13;MSW_010;2024;default_cut;GR;Grass_CLV4;52.812244;13.2750417;44.574195861816406
EX33;MSW_011_MGFE_2023;weather13;MSW_011;2024;default_cut;GR;Grass_CLV4;52.8127611;13.2731505;44.574195861816406
EX34;MSW_012_MGFE_2023;weather13;MSW_012;2024;default_cut;GR;Grass_CLV4;52.8130193;13.2721655;44.574195861816406
EX35;MSW_013_MGFE_2023;weather13;MSW_013;2024;default_cut;GR;Grass_CLV4;52.8132474;13.2715054;44.574195861816406
EX36;MSW_014_MGFE_2023;weather13;MSW_014;2024;default_cut;GR;Grass_CLV4;52.8135045;13.2721369;44.574195861816406
EX37;MSW_015_MGFE_2023;weather13;MSW_015;2024;default_cut;GR;Grass_CLV4;52.813305;13.2732873;44.574195861816406
EX38;MSW_016_MGFE_2023;weather13;MSW_016;2024;default_cut;GR;Grass_CLV4;52.8137617;13.2683049;44.574195861816406
EX39;MSW_017_MGFE_2023;weather13;MSW_017;2024;default_cut;GR;Grass_CLV4;52.8142272;13.2685535;44.574195861816406
EX40;MSW_018_MGFE_2023;weather13;MSW_018;2024;default_cut;GR;Grass_CLV4;52.8137317;13.2690864;44.574195861816406
EX41;MSW_019_MGFE_2024;weather13;MSW_019;2024;default_cut;GR;Grass_CLV4;52.8137945;13.2686515;44.574195861816406
EX42;MSW_020_MGFE_2024;weather13;MSW_020;2024;default_cut;GR;Grass_CLV4;52.8146319;13.2686408;44.574195861816406
EX43;MSW_021_MGFE_2024;weather13;MSW_021;2024;default_cut;GR;Grass_CLV4;52.8149887;13.2685964;44.574195861816406
EX44;MSW_022_MGFE_2024;weather13;MSW_022;2024;default_cut;GR;Grass_CLV4;52.8146105;13.2691029;44.574195861816406
EX45;MSW_023_MGFE_2024;weather13;MSW_023;2024;default_cut;GR;Grass_CLV4;52.813493;13.269781;44.574195861816406
EX46;MSW_024_MGFE_2024;weather13;MSW_024;2024;default_cut;GR;Grass_CLV4;52.8136908;13.271428;44.574195861816406
EX47;MSW_025_MGFE_2024;weather13;MSW_025;2024;default_cut;GR;Grass_CLV4;52.8132391;13.2721826;44.574195861816406
EX48;MSW_026_MGFE_2024;weather13;MSW_026;2024;default_cut;GR;Grass_CLV4;52.8130749;13.2728391;44.574195861816406
EX49;MSW_027_MGFE_2024;weather13;MSW_027;2024;default_cut;GR;Grass_CLV4;52.8131957;13.273727;44.574195861816406
EX50;MSW_028_MGFE_2024;weather13;MSW_028;2024;default_cut;GR;Grass_CLV4;52.8130443;13.2743117;44.574195861816406
EX51;MSW_044_MGFE_2023;weather13;MSW_044;2024;default_cut;GR;Grass_CLV4;52.8156384;13.2681508;44.574195861816406
EX52;MSW_045_MGFE_2023;weather13;MSW_045;2024;default_cut;GR;Grass_CLV4;52.8149746;13.2688837;44.574195861816406
EX53;MSW_046_MGFE_2023;weather13;MSW_046;2024;default_cut;GR;Grass_CLV4;52.8144404;13.2694392;44.574195861816406
EX54;MSX_029_LFUW_2024;weather13;MSX_029;2024;default_cut;GR;Grass_CLV4;52.812642;13.274733;44.574195861816406
EX55;MSX_030_LFUW_2024;weather13;MSX_030;2024;default_cut;GR;Grass_CLV4;52.813081;13.27405;44.574195861816406
EX56;MSX_031_LFUW_2024;weather13;MSX_031;2024;default_cut;GR;Grass_CLV4;52.813548;13.273531;44.574195861816406
EX57;MSX_032_LFUW_2024;weather13;MSX_032;2024;default_cut;GR;Grass_CLV4;52.812703;13.272423;44.574195861816406
EX58;MSX_033_LFUW_2024;weather13;MSX_033;2024;default_cut;GR;Grass_CLV4;52.810735;13.276692;44.574195861816406
EX59;MSX_034_LFUW_2024;weather13;MSX_034;2024;default_cut;GR;Grass_CLV4;52.810008;13.276353;44.574195861816406
EX60;MSX_035_LFUW_2024;weather14;MSX_035;2024;default_cut;GR;Grass_CLV4;52.807675;13.277062;44.574195861816406
EX61;MSX_036_LFUW_2024;weather13;MSX_036;2024;default_cut;GR;Grass_CLV4;52.812276;13.275341;44.574195861816406
EX62;MSX_037_LFUW_2024;weather13;MSX_037;2024;default_cut;GR;Grass_CLV4;52.811937;13.276045;44.574195861816406
EX63;MSX_038_LFUW_2024;weather13;MSX_038;2024;default_cut;GR;Grass_CLV4;52.812066;13.275817;44.574195861816406
EX64;MSX_039_LFUW_2024;weather13;MSX_039;2024;default_cut;GR;Grass_CLV4;52.815122;13.271938;44.574195861816406
EX65;MSX_040_LFUW_2024;weather13;MSX_040;2024;default_cut;GR;Grass_CLV4;52.815232;13.268622;44.574195861816406
EX66;MSX_041_LFUW_2024;weather13;MSX_041;2024;default_cut;GR;Grass_CLV4;52.813396;13.269647;44.574195861816406
EX67;MSX_042_LFUW_2024;weather13;MSX_042;2024;default_cut;GR;Grass_CLV4;52.812847;13.267387;44.574195861816406
EX68;MSX_043_LFUW_2024;weather13;MSX_043;2024;default_cut;GR;Grass_CLV4;52.814132;13.265145;44.574195861816406
EX69;PAU_001_MGFE_2023;weather27;PAU_001;2024;default_cut;GR;Grass_CLV4;52.6911476;12.740143;28.757877349853516
EX70;PAU_002_MGFE_2023;weather27;PAU_002;2024;default_cut;GR;Grass_CLV4;52.6911576;12.7404191;28.757877349853516
EX71;PAU_003_MGFE_2023;weather27;PAU_003;2024;default_cut;GR;Grass_CLV4;52.6910316;12.7407014;28.757877349853516
EX72;PAU_004_MGFE_2023;weather27;PAU_004;2024;default_cut;GR;Grass_CLV4;52.6905114;12.7414159;28.757877349853516
EX73;PAU_005_MGFE_2023;weather27;PAU_005;2024;default_cut;GR;Grass_CLV4;52.6904531;12.7422262;28.757877349853516
EX74;PAU_006_MGFE_2023;weather27;PAU_006;2024;default_cut;GR;Grass_CLV4;52.6902331;12.7430397;28.757877349853516
EX75;PAU_007_MGFE_2023;weather27;PAU_007;2024;default_cut;GR;Grass_CLV4;52.689784;12.7438973;28.55437660217285
EX76;PAU_008_MGFE_2023;weather27;PAU_008;2024;default_cut;GR;Grass_CLV4;52.6892387;12.7438846;28.55437660217285
EX77;PAU_009_MGFE_2023;weather27;PAU_009;2024;default_cut;GR;Grass_CLV4;52.6893482;12.7445677;28.55437660217285
EX78;PAU_010_MGFE_2023;weather27;PAU_010;2024;default_cut;GR;Grass_CLV4;52.6894185;12.7452386;28.55437660217285
EX79;PAU_011_MGFE_2023;weather24;PAU_011;2024;default_cut;GR;Grass_CLV4;52.6953906;12.7289487;28.952136993408203
EX80;PAU_012_MGFE_2023;weather24;PAU_012;2024;default_cut;GR;Grass_CLV4;52.6949946;12.7284771;28.952136993408203
EX81;PAU_013_MGFE_2023;weather24;PAU_013;2024;default_cut;GR;Grass_CLV4;52.6946601;12.7284685;28.952136993408203
EX82;PAU_014_MGFE_2023;weather24;PAU_014;2024;default_cut;GR;Grass_CLV4;52.6951377;12.729866;28.952136993408203
EX83;PAU_015_MGFE_2023;weather24;PAU_015;2024;default_cut;GR;Grass_CLV4;52.6947333;12.7299972;28.952136993408203
EX84;PAU_016_MGFE_2023;weather24;PAU_016;2024;default_cut;GR;Grass_CLV4;52.69431;12.7297137;28.952136993408203
EX85;PAU_017_MGFE_2023;weather24;PAU_017;2024;default_cut;GR;Grass_CLV4;52.694367;12.7289043;28.952136993408203
EX86;PAU_018_MGFE_2023;weather24;PAU_018;2024;default_cut;GR;Grass_CLV4;52.6934551;12.7292527;28.952136993408203
EX87;PAU_019_MGFE_2023;weather24;PAU_019;2024;default_cut;GR;Grass_CLV4;52.6938524;12.7301827;28.952136993408203
EX88;PAU_020_MGFE_2023;weather24;PAU_020;2024;default_cut;GR;Grass_CLV4;52.6942988;12.7310553;28.952136993408203
EX89;PAU_021_MGFE_2023;weather24;PAU_021;2024;default_cut;GR;Grass_CLV4;52.6940914;12.7280999;28.952136993408203
EX90;PAU_022_MGFE_2023;weather26;PAU_022;2024;default_cut;GR;Grass_CLV4;52.69165;12.7254955;28.952136993408203
EX91;PAU_023_MGFE_2023;weather26;PAU_023;2024;default_cut;GR;Grass_CLV4;52.6921413;12.7267724;28.952136993408203
EX92;PAU_024_MGFE_2023;weather26;PAU_024;2024;default_cut;GR;Grass_CLV4;52.6926173;12.7277472;28.952136993408203
EX93;PAU_025_MGFE_2023;weather26;PAU_025;2024;default_cut;GR;Grass_CLV4;52.6918902;12.7275545;28.952136993408203
EX94;PAU_026_MGFE_2023;weather26;PAU_026;2024;default_cut;GR;Grass_CLV4;52.690864;12.7268258;28.952136993408203
EX95;PAU_027_MGFE_2023;weather27;PAU_027;2024;default_cut;GR;Grass_CLV4;52.6920015;12.7377991;28.757877349853516
EX96;PAU_028_MGFE_2023;weather25;PAU_028;2024;default_cut;GR;Grass_CLV4;52.6925797;12.7352965;28.757877349853516
EX97;PAU_029_MGFE_2023;weather25;PAU_029;2024;default_cut;GR;Grass_CLV4;52.6931711;12.7333298;28.952136993408203
EX98;PAU_030_MGFE_2023;weather24;PAU_030;2024;default_cut;GR;Grass_CLV4;52.6938339;12.7329264;28.952136993408203
EX99;PAU_031_MGFE_2023;weather24;PAU_031;2024;default_cut;GR;Grass_CLV4;52.6935254;12.7320437;28.952136993408203
EX100;PAU_032_MGFE_2023;weather27;PAU_032;2024;default_cut;GR;Grass_CLV4;52.6898029;12.73593;28.55437660217285
EX101;PAU_033_MGFE_2023;weather27;PAU_033;2024;default_cut;GR;Grass_CLV4;52.6901807;12.7348387;28.55437660217285
EX102;PAU_034_MGFE_2023;weather27;PAU_034;2024;default_cut;GR;Grass_CLV4;52.690684;12.7355593;28.757877349853516
EX103;PAU_035_MGFE_2023;weather27;PAU_035;2024;default_cut;GR;Grass_CLV4;52.6903478;12.7369389;28.757877349853516
EX104;PAU_036_MGFE_2023;weather27;PAU_036;2024;default_cut;GR;Grass_CLV4;52.6906665;12.7365221;28.757877349853516
EX105;PAU_037_MGFE_2023;weather27;PAU_037;2024;default_cut;GR;Grass_CLV4;52.689938;12.7363764;28.55437660217285
EX106;PAU_038_MGFE_2023;weather27;PAU_038;2024;default_cut;GR;Grass_CLV4;52.6914615;12.7358311;28.757877349853516
EX107;PAU_039_MGFE_2023;weather27;PAU_039;2024;default_cut;GR;Grass_CLV4;52.6915351;12.7365126;28.757877349853516
EX108;PAU_040_MGFE_2023;weather27;PAU_040;2024;default_cut;GR;Grass_CLV4;52.6889004;12.7405847;28.55437660217285
EX109;PAU_041_MGFE_2023;weather27;PAU_041;2024;default_cut;GR;Grass_CLV4;52.6889108;12.7421574;28.55437660217285
EX110;PAU_042_MGFE_2023;weather27;PAU_042;2024;default_cut;GR;Grass_CLV4;52.6895025;12.7428252;28.55437660217285
EX111;PAU_043_MGFE_2023;weather27;PAU_043;2024;default_cut;GR;Grass_CLV4;52.6893105;12.7417736;28.55437660217285
EX112;PAU_044_MGFE_2023;weather27;PAU_044;2024;default_cut;GR;Grass_CLV4;52.6898546;12.7416951;28.55437660217285
EX113;PAU_045_MGFE_2023;weather27;PAU_045;2024;default_cut;GR;Grass_CLV4;52.6898625;12.7410069;28.55437660217285
EX114;PAU_046_MGFE_2023;weather27;PAU_046;2024;default_cut;GR;Grass_CLV4;52.6899272;12.7401606;28.55437660217285
EX115;PAU_047_MGFE_2023;weather24;PAU_047;2024;default_cut;GR;Grass_CLV4;52.6932033;12.726838;28.952136993408203
EX116;PAU_048_MGFE_2023;weather24;PAU_048;2024;default_cut;GR;Grass_CLV4;52.692912;12.7271088;28.952136993408203
EX117;PAU_049_MGFE_2023;weather26;PAU_049;2024;default_cut;GR;Grass_CLV4;52.6871866;12.7279513;28.125429153442383
EX118;PAU_050_MGFE_2023;weather26;PAU_050;2024;default_cut;GR;Grass_CLV4;52.687641;12.7287643;28.125429153442383
EX119;PAU_051_MGFE_2023;weather26;PAU_051;2024;default_cut;GR;Grass_CLV4;52.68737;12.7295687;28.125429153442383
EX120;PAU_052_MGFE_2023;weather26;PAU_052;2024;default_cut;GR;Grass_CLV4;52.6881232;12.7301555;28.125429153442383
EX121;PAU_053_MGFE_2023;weather26;PAU_053;2024;default_cut;GR;Grass_CLV4;52.6893905;12.7299948;28.125429153442383
EX122;PAU_054_MGFE_2023;weather26;PAU_054;2024;default_cut;GR;Grass_CLV4;52.6898137;12.7298358;28.125429153442383
EX123;PAU_055_MGFE_2023;weather26;PAU_055;2024;default_cut;GR;Grass_CLV4;52.6889413;12.7292412;28.125429153442383
EX124;PAU_056_MGFE_2023;weather26;PAU_056;2024;default_cut;GR;Grass_CLV4;52.6882364;12.7289724;28.125429153442383
EX125;PAU_057_MGFE_2023;weather26;PAU_057;2024;default_cut;GR;Grass_CLV4;52.6904022;12.7326062;28.952136993408203
EX126;PAU_058_MGFE_2023;weather27;PAU_058;2024;default_cut;GR;Grass_CLV4;52.6916902;12.7344788;28.952136993408203
EX127;PAU_059_MGFE_2023;weather27;PAU_059;2024;default_cut;GR;Grass_CLV4;52.6914458;12.7337659;28.952136993408203
EX128;PAU_060_MGFE_2023;weather27;PAU_060;2024;default_cut;GR;Grass_CLV4;52.6915386;12.733726;28.952136993408203
EX129;PAU_061_MGFE_2023;weather27;PAU_061;2024;default_cut;GR;Grass_CLV4;52.6916846;12.7334548;28.952136993408203
EX130;PAU_062_MGFE_2023;weather27;PAU_062;2024;default_cut;GR;Grass_CLV4;52.6920748;12.7329653;28.952136993408203
EX131;PAU_063_MGFE_2023;weather26;PAU_063;2024;default_cut;GR;Grass_CLV4;52.6922606;12.7323667;28.952136993408203
EX132;PAU_064_MGFE_2023;weather26;PAU_064;2024;default_cut;GR;Grass_CLV4;52.6915845;12.7320427;28.952136993408203
EX133;PAU_065_MGFE_2023;weather26;PAU_065;2024;default_cut;GR;Grass_CLV4;52.6913145;12.7320084;28.952136993408203
EX134;PAU_066_MGFE_2023;weather26;PAU_066;2024;default_cut;GR;Grass_CLV4;52.690649;12.7307027;28.952136993408203
EX135;PAU_067_MGFE_2023;weather26;PAU_067;2024;default_cut;GR;Grass_CLV4;52.6904065;12.730947;28.952136993408203
EX136;PAU_068_MGFE_2023;weather27;PAU_068;2024;default_cut;GR;Grass_CLV4;52.69038;12.73334;28.952136993408203
EX137;PAU_069_MGFE_2024;weather27;PAU_069;2024;default_cut;GR;Grass_CLV4;52.6902443;12.7354937;28.757877349853516
EX138;PAU_070_MGFE_2024;weather27;PAU_070;2024;default_cut;GR;Grass_CLV4;52.6900414;12.7347343;28.55437660217285
EX139;PAU_071_MGFE_2024;weather27;PAU_071;2024;default_cut;GR;Grass_CLV4;52.6904179;12.7342282;28.952136993408203
EX140;PAU_072_MGFE_2024;weather26;PAU_072;2024;default_cut;GR;Grass_CLV4;52.6911458;12.7289006;28.952136993408203
EX141;PAU_073_MGFE_2024;weather26;PAU_073;2024;default_cut;GR;Grass_CLV4;52.6921895;12.7285287;28.952136993408203
EX142;PAU_074_MGFE_2024;weather24;PAU_074;2024;default_cut;GR;Grass_CLV4;52.6926154;12.7288122;28.952136993408203
EX143;PAU_075_MGFE_2024;weather24;PAU_075;2024;default_cut;GR;Grass_CLV4;52.6928913;12.7291274;28.952136993408203
EX144;PAU_076_MGFE_2024;weather24;PAU_076;2024;default_cut;GR;Grass_CLV4;52.6928291;12.7279821;28.952136993408203
EX145;PAU_077_MGFE_2024;weather26;PAU_077;2024;default_cut;GR;Grass_CLV4;52.691499;12.7279325;28.952136993408203
EX146;PAU_078_MGFE_2024;weather24;PAU_078;2024;default_cut;GR;Grass_CLV4;52.6938763;12.7274451;28.952136993408203
EX147;PAU_079_MGFE_2024;weather24;PAU_079;2024;default_cut;GR;Grass_CLV4;52.6944151;12.7277555;28.952136993408203
EX148;PAU_080_MGFE_2024;weather24;PAU_080;2024;default_cut;GR;Grass_CLV4;52.6946401;12.7290357;28.952136993408203
EX149;PAU_081_MGFE_2024;weather24;PAU_081;2024;default_cut;GR;Grass_CLV4;52.6948785;12.7294913;28.952136993408203
EX150;PAU_082_MGFE_2024;weather26;PAU_082;2024;default_cut;GR;Grass_CLV4;52.6916393;12.727303;28.952136993408203
EX151;PAU_083_MGFE_2024;weather26;PAU_083;2024;default_cut;GR;Grass_CLV4;52.6915185;12.7266814;28.952136993408203
EX152;PAU_084_MGFE_2024;weather26;PAU_084;2024;default_cut;GR;Grass_CLV4;52.6911672;12.726625;28.952136993408203
EX153;PAU_085_MGFE_2024;weather26;PAU_085;2024;default_cut;GR;Grass_CLV4;52.6911057;12.7255042;28.952136993408203
EX154;PAU_086_MGFE_2024;weather26;PAU_086;2024;default_cut;GR;Grass_CLV4;52.6908625;12.7255981;28.952136993408203
EX155;PAU_087_MGFE_2024;weather26;PAU_087;2024;default_cut;GR;Grass_CLV4;52.692333;12.7260845;28.952136993408203
EX156;PAU_088_MGFE_2024;weather26;PAU_088;2024;default_cut;GR;Grass_CLV4;52.6907845;12.7320369;28.952136993408203
EX157;PAU_089_MGFE_2024;weather26;PAU_089;2024;default_cut;GR;Grass_CLV4;52.6910201;12.7326335;28.952136993408203
EX158;PAU_090_MGFE_2024;weather26;PAU_090;2024;default_cut;GR;Grass_CLV4;52.6917157;12.7326874;28.952136993408203
EX159;PAU_091_MGFE_2024;weather26;PAU_091;2024;default_cut;GR;Grass_CLV4;52.6923888;12.7320673;28.952136993408203
EX160;PAU_092_MGFE_2024;weather26;PAU_092;2024;default_cut;GR;Grass_CLV4;52.6909499;12.7300075;28.952136993408203
EX161;PAU_093_MGFE_2024;weather26;PAU_093;2024;default_cut;GR;Grass_CLV4;52.691147;12.7304486;28.952136993408203
EX162;PAU_094_MGFE_2024;weather26;PAU_094;2024;default_cut;GR;Grass_CLV4;52.6917822;12.7308658;28.952136993408203
EX163;PAU_095_MGFE_2024;weather26;PAU_095;2024;default_cut;GR;Grass_CLV4;52.6917517;12.7311072;28.952136993408203
EX164;PAU_096_MGFE_2024;weather24;PAU_096;2024;default_cut;GR;Grass_CLV4;52.6925778;12.7311484;28.952136993408203
EX165;PAU_097_MGFE_2024;weather26;PAU_097;2024;default_cut;GR;Grass_CLV4;52.6910545;12.7315932;28.952136993408203
EX166;PAU_098_MGFE_2024;weather27;PAU_098;2024;default_cut;GR;Grass_CLV4;52.6902524;12.7400663;28.757877349853516
EX167;PAU_099_MGFE_2024;weather27;PAU_099;2024;default_cut;GR;Grass_CLV4;52.6904591;12.7406422;28.757877349853516
EX168;PAU_100_MGFE_2024;weather27;PAU_100;2024;default_cut;GR;Grass_CLV4;52.6895014;12.7447934;28.55437660217285
EX169;PAU_101_MGFE_2024;weather27;PAU_101;2024;default_cut;GR;Grass_CLV4;52.6892854;12.7442759;28.55437660217285
EX170;PAU_102_MGFE_2024;weather27;PAU_102;2024;default_cut;GR;Grass_CLV4;52.6895939;12.7367825;28.55437660217285
EX171;PAU_103_MGFE_2024;weather27;PAU_103;2024;default_cut;GR;Grass_CLV4;52.6900148;12.7362725;28.55437660217285
EX172;PAU_104_MGFE_2024;weather27;PAU_104;2024;default_cut;GR;Grass_CLV4;52.6919695;12.7335341;28.952136993408203
EX173;PAU_105_MGFE_2024;weather27;PAU_105;2024;default_cut;GR;Grass_CLV4;52.6904439;12.7332272;28.952136993408203
EX174;PAU_106_MGFE_2024;;PAU_106;2024;default_cut;GR;Grass_CLV4;;;
EX175;PAU_107_MGFE_2024;;PAU_107;2024;default_cut;GR;Grass_CLV4;;;
EX176;PAU_108_MGFE_2024;;PAU_108;2024;default_cut;GR;Grass_CLV4;;;
EX177;PAU_109_MGFE_2024;;PAU_109;2024;default_cut;GR;Grass_CLV4;;;
EX178;RBN_002_MGFE_2023;weather6;RBN_002;2024;default_cut;GR;Grass_CLV4;53.2744228;14.094941;9.653715133666992
EX179;RBN_019_MGFE_2024;weather5;RBN_019;2024;default_cut;GR;Grass_CLV4;53.276767;14.0887405;22.796249389648438
EX180;RBN_020_MGFE_2024;weather5;RBN_020;2024;default_cut;GR;Grass_CLV4;53.2755282;14.0883112;22.796249389648438
EX181;RBN_021_MGFE_2024;weather5;RBN_021;2024;default_cut;GR;Grass_CLV4;53.2743982;14.0878426;22.796249389648438
EX182;RBN_022_MGFE_2024;weather5;RBN_022;2024;default_cut;GR;Grass_CLV4;53.2736164;14.0876721;22.796249389648438
EX183;RBN_023_MGFE_2024;weather6;RBN_023;2024;default_cut;GR;Grass_CLV4;53.2731382;14.088604;22.796249389648438
EX184;RBN_024_MGFE_2024;weather6;RBN_024;2024;default_cut;GR;Grass_CLV4;53.2729845;14.0899309;22.796249389648438
EX185;RBN_025_MGFE_2024;weather6;RBN_025;2024;default_cut;GR;Grass_CLV4;53.273209;14.0903768;22.796249389648438
EX186;RBN_026_MGFE_2024;weather6;RBN_026;2024;default_cut;GR;Grass_CLV4;53.2737071;14.0909647;9.653715133666992
EX187;RBN_027_MGFE_2024;weather6;RBN_027;2024;default_cut;GR;Grass_CLV4;53.274529;14.0930077;9.653715133666992
EX188;RBN_028_MGFE_2024;weather6;RBN_028;2024;default_cut;GR;Grass_CLV4;53.275628;14.0911662;9.653715133666992
EX189;RBN_029_MGFE_2024;weather6;RBN_029;2024;default_cut;GR;Grass_CLV4;53.2732698;14.0961175;9.653715133666992
EX190;RBN_030_MGFE_2024;weather6;RBN_030;2024;default_cut;GR;Grass_CLV4;53.2715528;14.0971655;9.653715133666992
EX191;RBN_031_MGFE_2024;weather7;RBN_031;2024;default_cut;GR;Grass_CLV4;53.270434;14.0945208;9.653715133666992
EX192;RBN_032_MGFE_2024;weather7;RBN_032;2024;default_cut;GR;Grass_CLV4;53.2710797;14.0922697;9.653715133666992
EX193;RBN_033_MGFE_2024;weather6;RBN_033;2024;default_cut;GR;Grass_CLV4;53.2716857;14.0915623;9.653715133666992
EX194;RBN_034_MGFE_2024;weather5;RBN_034;2024;default_cut;GR;Grass_CLV4;53.2727625;14.0855536;22.796249389648438
EX195;RBT_003_MGFE_2023;weather10;RBT_003;2024;default_cut;GR;Grass_CLV4;53.2018558;14.1124713;19.42770004272461
EX196;RBT_004_MGFE_2023;weather10;RBT_004;2024;default_cut;GR;Grass_CLV4;53.2027613;14.1128071;19.42770004272461
EX197;RBT_005_MGFE_2023;weather10;RBT_005;2024;default_cut;GR;Grass_CLV4;53.2007095;14.1119424;8.676559448242188
EX198;RBT_006_MGFE_2023;weather9;RBT_006;2024;default_cut;GR;Grass_CLV4;53.2032983;14.1097371;8.676559448242188
EX199;RBT_007_MGFE_2023;weather10;RBT_007;2024;default_cut;GR;Grass_CLV4;53.2045463;14.1116478;8.676559448242188
EX200;RBT_008_MGFE_2023;weather9;RBT_008;2024;default_cut;GR;Grass_CLV4;53.2070173;14.1060405;12.826475143432617
EX201;RBT_009_MGFE_2023;weather8;RBT_009;2024;default_cut;GR;Grass_CLV4;53.2089596;14.1053585;12.826475143432617
EX202;RBT_010_MGFE_2023;weather8;RBT_010;2024;default_cut;GR;Grass_CLV4;53.2105626;14.1038484;12.826475143432617
EX203;RBT_011_MGFE_2023;weather9;RBT_011;2024;default_cut;GR;Grass_CLV4;53.2051177;14.109295;8.676559448242188
EX204;RBT_012_MGFE_2023;weather9;RBT_012;2024;default_cut;GR;Grass_CLV4;53.2065664;14.1079559;12.826475143432617
EX205;RBT_013_MGFE_2023;weather9;RBT_013;2024;default_cut;GR;Grass_CLV4;53.2070842;14.1103537;12.826475143432617
EX206;RBT_014_MGFE_2023;weather8;RBT_014;2024;default_cut;GR;Grass_CLV4;53.2082266;14.1101761;12.826475143432617
EX207;RBT_015_MGFE_2023;weather8;RBT_015;2024;default_cut;GR;Grass_CLV4;53.2078152;14.1077475;12.826475143432617
EX208;RBT_016_MGFE_2023;weather8;RBT_016;2024;default_cut;GR;Grass_CLV4;53.2089912;14.1084714;12.826475143432617
EX209;RBT_017_MGFE_2023;weather8;RBT_017;2024;default_cut;GR;Grass_CLV4;53.2102458;14.1064226;12.826475143432617
EX210;RBT_018_MGFE_2023;weather8;RBT_018;2024;default_cut;GR;Grass_CLV4;53.2118143;14.1066786;12.826475143432617
EX211;RBT_080_MGFE_2023;weather9;RBT_080;2024;default_cut;GR;Grass_CLV4;53.2070173;14.1060407;12.826475143432617
EX212;RBT_081_MGFE_2023;weather8;RBT_081;2024;default_cut;GR;Grass_CLV4;53.2105621;14.103849;12.826475143432617
EX213;RBT_082_MGFE_2023;weather8;RBT_082;2024;default_cut;GR;Grass_CLV4;53.2118142;14.1066786;12.826475143432617
EX214;RBX_001_MGFE_2023;weather6;RBX_001;2024;default_cut;GR;Grass_CLV4;53.2798;14.0940453;17.198495864868164
EX215;RBX_035_LFUW_2024;weather4;RBX_035;2024;default_cut;GR;Grass_CLV4;53.280645;14.09421;17.198495864868164
EX216;RBX_036_LFUW_2024;weather6;RBX_036;2024;default_cut;GR;Grass_CLV4;53.275979;14.102109;9.653715133666992
EX217;RBX_037_LFUW_2024;weather6;RBX_037;2024;default_cut;GR;Grass_CLV4;53.278203;14.097656;9.653715133666992
EX218;RBX_038_LFUW_2024;weather4;RBX_038;2024;default_cut;GR;Grass_CLV4;53.280845;14.092019;17.198495864868164
EX219;RBX_039_LFUW_2024;weather6;RBX_039;2024;default_cut;GR;Grass_CLV4;53.278838;14.098294;7.198495864868164
EX220;RBX_040_LFUW_2024;weather6;RBX_040;2024;default_cut;GR;Grass_CLV4;53.276931;14.10292;9.653715133666992
EX221;RBX_041_LFUW_2024;weather6;RBX_041;2024;default_cut;GR;Grass_CLV4;53.279405;14.09491;17.198495864868164
EX222;RBX_042_LFUW_2024;weather6;RBX_042;2024;default_cut;GR;Grass_CLV4;53.279965;14.091855;17.198495864868164
EX223;RBX_043_LFUW_2024;weather6;RBX_043;2024;default_cut;GR;Grass_CLV4;53.277746;14.095838;9.653715133666992
EX224;RBX_044_LFUW_2024;weather6;RBX_044;2024;default_cut;GR;Grass_CLV4;53.275726;14.100192;9.653715133666992
EX225;RBX_045_LFUW_2024;weather6;RBX_045;2024;default_cut;GR;Grass_CLV4;53.273466;14.100756;9.653715133666992
EX226;RBX_046_LFUW_2024;weather6;RBX_046;2024;default_cut;GR;Grass_CLV4;53.274963;14.098472;9.653715133666992
EX227;RBX_047_LFUW_2025;weather11;RBX_047;2024;default_cut;GR;Grass_CLV4;53.191096;14.117492;14.855754852294922
EX228;RBX_048_LFUW_2025;weather11;RBX_048;2024;default_cut;GR;Grass_CLV4;53.189504;14.117401;14.855754852294922
EX229;RBX_049_LFUW_2025;weather12;RBX_049;2024;default_cut;GR;Grass_CLV4;53.1884;14.117911;14.855754852294922
EX230;RBX_050_LFUW_2025;weather12;RBX_050;2024;default_cut;GR;Grass_CLV4;53.188864;14.116702;14.855754852294922
EX231;RBX_051_LFUW_2025;weather11;RBX_051;2024;default_cut;GR;Grass_CLV4;53.190501;14.116493;14.855754852294922
EX232;RBX_052_LFUW_2025;weather11;RBX_052;2024;default_cut;GR;Grass_CLV4;53.192461;14.115046;14.855754852294922
EX233;RBX_053_LFUW_2025;weather11;RBX_053;2024;default_cut;GR;Grass_CLV4;53.1937;14.11526;14.855754852294922
EX234;RBX_054_LFUW_2025;weather11;RBX_054;2024;default_cut;GR;Grass_CLV4;53.194557;14.115935;14.855754852294922
EX235;RBX_055_LFUW_2025;weather11;RBX_055;2024;default_cut;GR;Grass_CLV4;53.194535;14.113682;14.855754852294922
EX236;RBX_056_LFUW_2025;weather11;RBX_056;2024;default_cut;GR;Grass_CLV4;53.191265;14.118828;14.855754852294922
EX237;RBX_057_LFUW_2025;weather11;RBX_057;2024;default_cut;GR;Grass_CLV4;53.19094;14.120205;14.855754852294922
EX238;RBX_058_LFUW_2025;weather11;RBX_058;2024;default_cut;GR;Grass_CLV4;53.190215;14.119516;14.855754852294922
EX239;RBX_059_LFUW_2025;weather11;RBX_059;2024;default_cut;GR;Grass_CLV4;53.189388;14.119011;14.855754852294922
EX240;RBX_060_LFUW_2025;weather11;RBX_060;2024;default_cut;GR;Grass_CLV4;53.193123;14.117957;14.855754852294922
EX241;RBX_061_LFUW_2025;weather10;RBX_061;2024;default_cut;GR;Grass_CLV4;53.199706;14.11138;8.676559448242188
EX242;RBX_062_LFUW_2025;weather10;RBX_062;2024;default_cut;GR;Grass_CLV4;53.198848;14.110947;8.676559448242188
EX243;RBX_063_LFUW_2025;weather11;RBX_063;2024;default_cut;GR;Grass_CLV4;53.19742;14.112125;19.42770004272461
EX244;RBX_064_LFUW_2025;weather11;RBX_064;2024;default_cut;GR;Grass_CLV4;53.198307;14.112575;19.42770004272461
EX245;RBX_065_LFUW_2025;weather10;RBX_065;2024;default_cut;GR;Grass_CLV4;53.199226;14.112461;19.42770004272461
EX246;RBX_066_LFUW_2025;weather10;RBX_066;2024;default_cut;GR;Grass_CLV4;53.199853;14.112621;19.42770004272461
EX247;RBX_067_LFUW_2025;weather10;RBX_067;2024;default_cut;GR;Grass_CLV4;53.198525;14.114631;19.42770004272461
EX248;RBX_068_LFUW_2025;weather10;RBX_068;2024;default_cut;GR;Grass_CLV4;53.199205;14.115823;19.42770004272461
EX249;RBX_069_LFUW_2025;weather11;RBX_069;2024;default_cut;GR;Grass_CLV4;53.198361;14.116543;19.42770004272461
EX250;RBX_070_LFUW_2025;weather11;RBX_070;2024;default_cut;GR;Grass_CLV4;53.198246;14.11581;19.42770004272461
EX251;RBX_071_LFUW_2025;weather11;RBX_071;2024;default_cut;GR;Grass_CLV4;53.19779;14.114856;19.42770004272461
EX252;RBX_072_LFUW_2025;weather11;RBX_072;2024;default_cut;GR;Grass_CLV4;53.197275;14.115401;19.42770004272461
EX253;RBX_073_LFUW_2025;weather11;RBX_073;2024;default_cut;GR;Grass_CLV4;53.197546;14.116776;19.42770004272461
EX254;RBX_074_LFUW_2025;weather11;RBX_074;2024;default_cut;GR;Grass_CLV4;53.197241;14.117537;19.42770004272461
EX255;RBX_075_LFUW_2025;weather11;RBX_075;2024;default_cut;GR;Grass_CLV4;53.19668;14.118018;19.42770004272461
EX256;RBX_076_LFUW_2025;weather11;RBX_076;2024;default_cut;GR;Grass_CLV4;53.196329;14.118477;14.855754852294922
EX257;RBX_077_LFUW_2025;weather11;RBX_077;2024;default_cut;GR;Grass_CLV4;53.195848;14.116729;14.855754852294922
EX258;RBX_078_LFUW_2025;weather11;RBX_078;2024;default_cut;GR;Grass_CLV4;53.196158;14.116112;14.855754852294922
EX259;RBX_079_LFUW_2025;weather11;RBX_079;2024;default_cut;GR;Grass_CLV4;53.19687;14.116318;19.42770004272461
EX260;RLA_018_MGFE_2024;weather15;RLA_018;2024;default_cut;GR;Grass_CLV4;52.8100419;12.831683;32.71249771118164
EX261;RLA_019_MGFE_2024;weather15;RLA_019;2024;default_cut;GR;Grass_CLV4;52.8085475;12.8306629;32.71249771118164
EX262;RLA_020_MGFE_2024;weather15;RLA_020;2024;default_cut;GR;Grass_CLV4;52.80781;12.8300994;32.71249771118164
EX263;RLA_022_MGFE_2024;weather15;RLA_022;2024;default_cut;GR;Grass_CLV4;52.807566;12.8291561;32.71249771118164
EX264;RLA_023_MGFE_2024;weather15;RLA_023;2024;default_cut;GR;Grass_CLV4;52.8069709;12.8283069;32.71249771118164
EX265;RLA_024_MGFE_2024;weather15;RLA_024;2024;default_cut;GR;Grass_CLV4;52.8064455;12.8269694;32.71249771118164
EX266;RLA_025_MGFE_2024;weather15;RLA_025;2024;default_cut;GR;Grass_CLV4;52.806451;12.8262051;32.71249771118164
EX267;RLA_026_MGFE_2024;weather15;RLA_026;2024;default_cut;GR;Grass_CLV4;52.8067731;12.8239901;32.71249771118164
EX268;RLA_027_MGFE_2024;weather15;RLA_027;2024;default_cut;GR;Grass_CLV4;52.8070668;12.8244845;32.71249771118164
EX269;RLA_028_MGFE_2024;weather15;RLA_028;2024;default_cut;GR;Grass_CLV4;52.8082483;12.8262505;32.71249771118164
EX270;RLA_056_MGFE_2023;weather15;RLA_056;2024;default_cut;GR;Grass_CLV4;52.8100419;12.831683;32.71249771118164
EX271;RLA_057_MGFE_2023;weather15;RLA_057;2024;default_cut;GR;Grass_CLV4;52.8085475;12.8306628;32.71249771118164
EX272;RLA_058_MGFE_2023;weather15;RLA_058;2024;default_cut;GR;Grass_CLV4;52.8085474;12.830663;32.71249771118164
EX273;RLA_059_MGFE_2023;weather15;RLA_059;2024;default_cut;GR;Grass_CLV4;52.8078099;12.8300994;32.71249771118164
EX274;RLB_001_MGFE_2023;weather21;RLB_001;2024;default_cut;GR;Grass_CLV4;52.794463;12.8567356;32.311851501464844
EX275;RLB_002_MGFE_2023;weather21;RLB_002;2024;default_cut;GR;Grass_CLV4;52.7956122;12.8569606;32.311851501464844
EX276;RLB_003_MGFE_2023;weather21;RLB_003;2024;default_cut;GR;Grass_CLV4;52.7961393;12.8539946;32.311851501464844
EX277;RLB_004_MGFE_2023;weather21;RLB_004;2024;default_cut;GR;Grass_CLV4;52.7949774;12.8558811;32.311851501464844
EX278;RLB_005_MGFE_2023;weather21;RLB_005;2024;default_cut;GR;Grass_CLV4;52.7963939;12.8553525;32.311851501464844
EX279;RLB_006_MGFE_2023;weather21;RLB_006;2024;default_cut;GR;Grass_CLV4;52.794362;12.8550285;32.311851501464844
EX280;RLB_007_MGFE_2023;weather19;RLB_007;2024;default_cut;GR;Grass_CLV4;52.7991578;12.8574338;32.311851501464844
EX281;RLB_008_MGFE_2023;weather19;RLB_008;2024;default_cut;GR;Grass_CLV4;52.7994921;12.8555896;32.311851501464844
EX282;RLB_009_MGFE_2023;weather19;RLB_009;2024;default_cut;GR;Grass_CLV4;52.7991165;12.854653;32.311851501464844
EX283;RLB_010_MGFE_2023;weather19;RLB_010;2024;default_cut;GR;Grass_CLV4;52.7984341;12.8556594;32.311851501464844
EX284;RLB_011_MGFE_2023;weather19;RLB_011;2024;default_cut;GR;Grass_CLV4;52.7976687;12.8537179;32.311851501464844
EX285;RLB_012_MGFE_2023;weather19;RLB_012;2024;default_cut;GR;Grass_CLV4;52.7970206;12.8543546;32.311851501464844
EX286;RLB_013_MGFE_2023;weather19;RLB_013;2024;default_cut;GR;Grass_CLV4;52.7969785;12.8565811;32.311851501464844
EX287;RLB_014_MGFE_2023;weather19;RLB_014;2024;default_cut;GR;Grass_CLV4;52.7971916;12.8555433;32.311851501464844
EX288;RLB_015_MGFE_2023;weather21;RLB_015;2024;default_cut;GR;Grass_CLV4;52.795471;12.8544142;32.311851501464844
EX289;RLB_016_MGFE_2023;weather21;RLB_016;2024;default_cut;GR;Grass_CLV4;52.7954098;12.8543923;32.311851501464844
EX290;RLB_017_MGFE_2023;weather21;RLB_017;2024;default_cut;GR;Grass_CLV4;52.7945155;12.854141;32.311851501464844
EX291;RLB_029_MGFE_2024;weather19;RLB_029;2024;default_cut;GR;Grass_CLV4;52.7987573;12.8575401;32.311851501464844
EX292;RLB_030_MGFE_2024;weather19;RLB_030;2024;default_cut;GR;Grass_CLV4;52.7987683;12.856126;32.311851501464844
EX293;RLB_031_MGFE_2024;weather19;RLB_031;2024;default_cut;GR;Grass_CLV4;52.7981312;12.8553682;32.311851501464844
EX294;RLB_032_MGFE_2024;weather19;RLB_032;2024;default_cut;GR;Grass_CLV4;52.7977343;12.8543987;32.311851501464844
EX295;RLB_033_MGFE_2024;weather19;RLB_033;2024;default_cut;GR;Grass_CLV4;52.7968583;12.8544982;32.311851501464844
EX296;RLB_034_MGFE_2024;weather21;RLB_034;2024;default_cut;GR;Grass_CLV4;52.796002;12.8545107;32.311851501464844
EX297;RLB_035_MGFE_2024;weather21;RLB_035;2024;default_cut;GR;Grass_CLV4;52.7950125;12.8547264;32.311851501464844
EX298;RLB_036_MGFE_2024;weather21;RLB_036;2024;default_cut;GR;Grass_CLV4;52.7955537;12.8554588;32.311851501464844
EX299;RLX_038_LFUW_2024;weather23;RLX_038;2024;default_cut;GR;Grass_CLV4;52.795725;12.875868;33.08363342285156
EX300;RLX_039_LFUW_2024;weather20;RLX_039;2024;default_cut;GR;Grass_CLV4;52.797351;12.869229;33.08363342285156
EX301;RLX_040_LFUW_2024;weather20;RLX_040;2024;default_cut;GR;Grass_CLV4;52.798923;12.863963;33.08363342285156
EX302;RLX_041_LFUW_2024;weather22;RLX_041;2024;default_cut;GR;Grass_CLV4;52.796006;12.863662;33.08363342285156
EX303;RLX_042_LFUW_2024;weather21;RLX_042;2024;default_cut;GR;Grass_CLV4;52.794875;12.859319;32.311851501464844
EX304;RLX_043_LFUW_2024;weather21;RLX_043;2024;default_cut;GR;Grass_CLV4;52.796229;12.851949;32.311851501464844
EX305;RLX_044_LFUW_2024;weather19;RLX_044;2024;default_cut;GR;Grass_CLV4;52.799175;12.849465;32.311851501464844
EX306;RLX_045_LFUW_2024;weather19;RLX_045;2024;default_cut;GR;Grass_CLV4;52.797134;12.856417;32.311851501464844
EX307;RLX_046_LFUW_2024;weather21;RLX_046;2024;default_cut;GR;Grass_CLV4;52.793711;12.851416;34.49372100830078
EX308;RLX_047_LFUW_2024;weather16;RLX_047;2024;default_cut;GR;Grass_CLV4;52.808439;12.840327;34.688236236572266
EX309;RLX_048_LFUW_2024;weather16;RLX_048;2024;default_cut;GR;Grass_CLV4;52.807654;12.832932;32.71249771118164
EX310;RLX_049_LFUW_2024;weather16;RLX_049;2024;default_cut;GR;Grass_CLV4;52.806526;12.833662;34.688236236572266
EX311;RLX_050_LFUW_2024;weather17;RLX_050;2024;default_cut;GR;Grass_CLV4;52.804987;12.829688;32.71249771118164
EX312;RLX_051_LFUW_2024;weather18;RLX_051;2024;default_cut;GR;Grass_CLV4;52.805489;12.837149;34.688236236572266
EX313;RLX_052_LFUW_2024;weather18;RLX_052;2024;default_cut;GR;Grass_CLV4;52.802915;12.833699;33.629119873046875
EX314;RLX_053_LFUW_2024;weather18;RLX_053;2024;default_cut;GR;Grass_CLV4;52.80194;12.838176;33.629119873046875
EX315;RLX_054_LFUW_2024;weather18;RLX_054;2024;default_cut;GR;Grass_CLV4;52.805416;12.843118;34.688236236572266
EX316;RLX_055_LFUW_2024;weather18;RLX_055;2024;default_cut;GR;Grass_CLV4;52.805201;12.839596;34.688236236572266
EX317;SAN_001_MGFE_2024;weather3;SAN_001;2024;default_cut;GR;Grass_CLV4;53.6990232;13.6411244;5.622547149658203
EX318;SAN_002_MGFE_2024;weather3;SAN_002;2024;default_cut;GR;Grass_CLV4;53.6991018;13.6417076;5.622547149658203
EX319;SAN_003_MGFE_2024;weather3;SAN_003;2024;default_cut;GR;Grass_CLV4;53.6995787;13.6424368;5.3836236000061035
EX320;SAN_004_MGFE_2024;weather3;SAN_004;2024;default_cut;GR;Grass_CLV4;53.6997397;13.6439385;5.3836236000061035
EX321;SAN_005_MGFE_2024;weather3;SAN_005;2024;default_cut;GR;Grass_CLV4;53.7003511;13.642586;5.3836236000061035
EX322;SAN_006_MGFE_2024;weather3;SAN_006;2024;default_cut;GR;Grass_CLV4;53.701801;13.6411272;5.622547149658203
EX323;SAN_007_MGFE_2024;weather3;SAN_007;2024;default_cut;GR;Grass_CLV4;53.7014857;13.6401489;5.622547149658203
EX324;SAN_008_MGFE_2024;weather2;SAN_008;2024;default_cut;GR;Grass_CLV4;53.7002539;13.6391608;5.622547149658203
EX325;SAN_009_MGFE_2024;weather2;SAN_009;2024;default_cut;GR;Grass_CLV4;53.6997709;13.6377196;5.622547149658203
EX326;SAN_010_MGFE_2024;weather2;SAN_010;2024;default_cut;GR;Grass_CLV4;53.7006198;13.6375709;5.622547149658203
EX327;SWK_009_MGFE_2023;weather28;SWK_009;2024;default_cut;GR;Grass_CLV4;51.8919992;13.9721255;49.548377990722656
EX328;SWK_010_MGFE_2023;weather30;SWK_010;2024;default_cut;GR;Grass_CLV4;51.8906412;13.9716253;49.548377990722656
EX329;SWK_011_MGFE_2023;weather30;SWK_011;2024;default_cut;GR;Grass_CLV4;51.8901316;13.9721576;49.548377990722656
EX330;SWK_012_MGFE_2023;weather28;SWK_012;2024;default_cut;GR;Grass_CLV4;51.8915403;13.9718853;49.548377990722656
EX331;SWK_013_MGFE_2023;weather28;SWK_013;2024;default_cut;GR;Grass_CLV4;51.8914475;13.9733003;49.548377990722656
EX332;SWK_014_MGFE_2023;weather31;SWK_014;2024;default_cut;GR;Grass_CLV4;51.8908718;13.9744472;49.548377990722656
EX333;SWK_015_MGFE_2023;weather29;SWK_015;2024;default_cut;GR;Grass_CLV4;51.8918916;13.9742751;49.548377990722656
EX334;SWK_016_MGFE_2023;weather30;SWK_016;2024;default_cut;GR;Grass_CLV4;51.8902624;13.9733358;49.548377990722656
EX335;SWK_017_MGFE_2023;weather31;SWK_017;2024;default_cut;GR;Grass_CLV4;51.889795;13.9744648;49.548377990722656
EX336;SWK_018_MGFE_2023;weather31;SWK_018;2024;default_cut;GR;Grass_CLV4;51.8903203;13.9750728;49.548377990722656
EX337;SWK_019_MGFE_2023;weather31;SWK_019;2024;default_cut;GR;Grass_CLV4;51.8898522;13.976056;49.548377990722656
EX338;SWK_020_MGFE_2023;weather31;SWK_020;2024;default_cut;GR;Grass_CLV4;51.8895578;13.9768586;49.3401985168457
EX339;SWK_021_MGFE_2023;weather31;SWK_021;2024;default_cut;GR;Grass_CLV4;51.890477;13.9765494;49.3401985168457
EX340;SWK_022_MGFE_2023;weather31;SWK_022;2024;default_cut;GR;Grass_CLV4;51.890905;13.9758677;49.548377990722656
EX341;SWK_023_MGFE_2023;weather29;SWK_023;2024;default_cut;GR;Grass_CLV4;51.8914896;13.9768568;49.3401985168457
EX342;SWK_024_MGFE_2024;weather28;SWK_024;2024;default_cut;GR;Grass_CLV4;51.8918663;13.9725784;49.548377990722656
EX343;SWK_025_MGFE_2024;weather29;SWK_025;2024;default_cut;GR;Grass_CLV4;51.8918609;13.9743395;49.548377990722656
EX344;SWK_026_MGFE_2024;weather31;SWK_026;2024;default_cut;GR;Grass_CLV4;51.8908768;13.974408;49.548377990722656
EX345;SWK_027_MGFE_2024;weather31;SWK_027;2024;default_cut;GR;Grass_CLV4;51.8907931;13.9745062;49.548377990722656
EX346;SWK_028_MGFE_2024;weather30;SWK_028;2024;default_cut;GR;Grass_CLV4;51.89027;13.973275;49.548377990722656
EX347;SWK_029_MGFE_2024;weather29;SWK_029;2024;default_cut;GR;Grass_CLV4;51.8914611;13.9769196;49.3401985168457
EX348;SWK_030_MGFE_2024;weather29;SWK_030;2024;default_cut;GR;Grass_CLV4;51.8915069;13.9769009;49.3401985168457
EX349;SWK_031_MGFE_2024;weather29;SWK_031;2024;default_cut;GR;Grass_CLV4;51.891445;13.9767336;49.3401985168457
EX350;SWK_032_MGFE_2024;weather31;SWK_032;2024;default_cut;GR;Grass_CLV4;51.8898208;13.9760323;49.548377990722656
EX351;SWK_033_MGFE_2024;weather30;SWK_033;2024;default_cut;GR;Grass_CLV4;51.890788;13.9725276;49.548377990722656
EX352;SWK_046_MGFE_2024;weather28;SWK_046;2024;default_cut;GR;Grass_CLV4;51.8918624;13.9725777;49.548377990722656
EX353;SWK_047_MGFE_2024;weather29;SWK_047;2024;default_cut;GR;Grass_CLV4;51.8918597;13.9743389;49.548377990722656
EX354;SWK_048_MGFE_2024;weather31;SWK_048;2024;default_cut;GR;Grass_CLV4;51.8908752;13.974408;49.548377990722656
EX355;SWK_049_MGFE_2024;weather31;SWK_049;2024;default_cut;GR;Grass_CLV4;51.8907895;13.9745091;49.548377990722656
EX356;SWK_050_MGFE_2024;weather30;SWK_050;2024;default_cut;GR;Grass_CLV4;51.89027;13.9732729;49.548377990722656
EX357;SWK_051_MGFE_2024;weather29;SWK_051;2024;default_cut;GR;Grass_CLV4;51.89146;13.9769198;49.3401985168457
EX358;SWK_052_MGFE_2024;weather29;SWK_052;2024;default_cut;GR;Grass_CLV4;51.8915067;13.9769012;49.3401985168457
EX359;SWK_053_MGFE_2024;weather29;SWK_053;2024;default_cut;GR;Grass_CLV4;51.8914439;13.9767335;49.3401985168457
EX360;SWS_001_MGFE_2023;weather33;SWS_001;2024;default_cut;GR;Grass_CLV4;51.8423161;14.0570125;53.20981979370117
EX361;SWS_002_MGFE_2023;weather33;SWS_002;2024;default_cut;GR;Grass_CLV4;51.8419035;14.0582666;53.376102447509766
EX362;SWS_003_MGFE_2023;weather33;SWS_003;2024;default_cut;GR;Grass_CLV4;51.8423403;14.058891;53.376102447509766
EX363;SWS_004_MGFE_2023;weather32;SWS_004;2024;default_cut;GR;Grass_CLV4;51.8426047;14.0598346;53.376102447509766
EX364;SWS_005_MGFE_2023;weather33;SWS_005;2024;default_cut;GR;Grass_CLV4;51.8416955;14.0609537;53.376102447509766
EX365;SWS_006_MGFE_2023;weather33;SWS_006;2024;default_cut;GR;Grass_CLV4;51.8407986;14.0619332;53.376102447509766
EX366;SWS_007_MGFE_2023;weather33;SWS_007;2024;default_cut;GR;Grass_CLV4;51.8402803;14.0607064;53.376102447509766
EX367;SWS_008_MGFE_2023;weather33;SWS_008;2024;default_cut;GR;Grass_CLV4;51.8410347;14.0598343;53.376102447509766
EX368;SWS_034_MGFE_2024;weather33;SWS_034;2024;default_cut;GR;Grass_CLV4;51.8400068;14.0604469;54.02493667602539
EX369;SWS_035_MGFE_2024;weather33;SWS_035;2024;default_cut;GR;Grass_CLV4;51.8393149;14.061219;54.02493667602539
EX370;SWS_036_MGFE_2024;weather33;SWS_036;2024;default_cut;GR;Grass_CLV4;51.8388633;14.062439;54.02493667602539
EX371;SWS_037_MGFE_2024;weather33;SWS_037;2024;default_cut;GR;Grass_CLV4;51.8399589;14.06253;53.376102447509766
EX372;SWS_038_MGFE_2024;weather33;SWS_038;2024;default_cut;GR;Grass_CLV4;51.840788;14.0620745;53.376102447509766
EX373;SWS_039_MGFE_2024;weather33;SWS_039;2024;default_cut;GR;Grass_CLV4;51.8414528;14.0622957;53.376102447509766
EX374;SWS_040_MGFE_2024;weather33;SWS_040;2024;default_cut;GR;Grass_CLV4;51.8421041;14.0624509;53.376102447509766
EX375;SWS_041_MGFE_2024;weather33;SWS_041;2024;default_cut;GR;Grass_CLV4;51.8419123;14.0612618;53.376102447509766
EX376;SWS_042_MGFE_2024;weather33;SWS_042;2024;default_cut;GR;Grass_CLV4;51.8409881;14.0591582;53.376102447509766
EX377;SWS_043_MGFE_2024;weather33;SWS_043;2024;default_cut;GR;Grass_CLV4;51.8418813;14.059005;53.376102447509766
EX378;SWS_044_MGFE_2024;weather32;SWS_044;2024;default_cut;GR;Grass_CLV4;51.8428333;14.0582362;53.376102447509766
EX379;SWS_045_MGFE_2024;weather32;SWS_045;2024;default_cut;GR;Grass_CLV4;51.8429082;14.0597955;53.376102447509766