Soil;Depth;Clay;Corg;Bulk_density;Sat;Fc;Pwp;KA5
PAU_069;10;0;9.18;944.76;0.702;0.6;0.179;HN
PAU_069;35;0;8.37;944.76;0.757;0.73;0.28;HN
PAU_069;55;0;5.13;944.76;0.751;0.731;0.276;HN
PAU_069;85;0;2.22;944.76;0.893;0.832;0.355;HN
PAU_069;95;0;1.64;944.76;0.893;0.832;0.355;HN
PAU_069;100;0;1.64;944.76;0.5;0.16;0.06;FSMS
PAU_071;10;0;15.26;956.24;0.702;0.6;0.179;HN
PAU_071;35;0;13.58;956.24;0.757;0.73;0.28;HN
PAU_071;55;0;6.87;956.24;0.751;0.731;0.276;HN
PAU_071;85;0;2.88;956.24;0.893;0.832;0.355;HN
PAU_071;95;0;2.08;956.24;0.893;0.832;0.355;HN
PAU_071;100;0;2.08;956.24;0.5;0.16;0.06;FSMS
PAU_072;10;0;30.85;357.1;0.702;0.6;0.179;HN
PAU_072;35;0;27.89;357.1;0.757;0.73;0.28;HN
PAU_072;55;0;16.05;357.1;0.751;0.731;0.276;HN
PAU_072;85;0;14.58;357.1;0.893;0.832;0.355;HN
PAU_072;95;0;14.29;357.1;0.893;0.832;0.355;HN
PAU_072;100;0;14.29;357.1;0.5;0.16;0.06;FSMS
PAU_074;10;0;10.83;1157.72;0.702;0.6;0.179;HN
PAU_074;35;0;9.30;1157.72;0.757;0.73;0.28;HN
PAU_074;55;0;3.19;1157.72;0.751;0.731;0.276;HN
PAU_074;85;0;1.48;1157.72;0.893;0.832;0.355;HN
PAU_074;95;0;1.15;1157.72;0.893;0.832;0.355;HN
PAU_074;100;0;1.15;1157.72;0.5;0.16;0.06;FSMS
PAU_075;10;0;29.29;733.06;0.702;0.6;0.179;HN
PAU_075;35;0;24.36;733.06;0.757;0.73;0.28;HN
PAU_075;55;0;4.64;733.06;0.751;0.731;0.276;HN
PAU_075;85;0;1.87;733.06;0.893;0.832;0.355;HN
PAU_075;95;0;1.32;733.06;0.893;0.832;0.355;HN
PAU_075;100;0;1.32;733.06;0.5;0.16;0.06;FSMS
PAU_076;10;0;9.32;1345.72;0.702;0.6;0.179;HN
PAU_076;35;0;7.81;1345.72;0.757;0.73;0.28;HN
PAU_076;55;0;1.75;1345.72;0.751;0.731;0.276;HN
PAU_076;85;0;2.15;1345.72;0.893;0.832;0.355;HN
PAU_076;95;0;2.23;1345.72;0.893;0.832;0.355;HN
PAU_076;100;0;2.23;1345.72;0.5;0.16;0.06;FSMS
PAU_078;10;0;38.48;385.24;0.702;0.6;0.179;HN
PAU_078;35;0;38.26;385.24;0.757;0.73;0.28;HN
PAU_078;55;0;37.39;385.24;0.751;0.731;0.276;HN
PAU_078;85;0;13.70;385.24;0.893;0.832;0.355;HN
PAU_078;95;0;8.96;385.24;0.893;0.832;0.355;HN
PAU_078;100;0;8.96;385.24;0.5;0.16;0.06;FSMS
PAU_081;10;0;19.93;623.2;0.702;0.6;0.179;HN
PAU_081;35;0;16.51;623.2;0.757;0.73;0.28;HN
PAU_081;55;0;2.81;623.2;0.751;0.731;0.276;HN
PAU_081;85;0;1.30;623.2;0.893;0.832;0.355;HN
PAU_081;95;0;1;623.2;0.893;0.832;0.355;HN
PAU_081;100;0;1;623.2;0.5;0.16;0.06;FSMS
PAU_085;10;0;41.82;336.8;0.702;0.6;0.179;HN
PAU_085;35;0;42.44;336.8;0.757;0.73;0.28;HN
PAU_085;55;0;44.94;336.8;0.751;0.731;0.276;HN
PAU_085;85;0;44.55;336.8;0.893;0.832;0.355;HN
PAU_085;95;0;44.47;336.8;0.893;0.832;0.355;HN
PAU_085;100;0;44.47;336.8;0.5;0.16;0.06;FSMS
PAU_086;10;0;40.23;367.38;0.702;0.6;0.179;HN
PAU_086;35;0;40.24;367.38;0.757;0.73;0.28;HN
PAU_086;55;0;40.27;367.38;0.751;0.731;0.276;HN
PAU_086;85;0;36.68;367.38;0.893;0.832;0.355;HN
PAU_086;95;0;35.96;367.38;0.893;0.832;0.355;HN
PAU_086;100;0;35.96;367.38;0.5;0.16;0.06;FSMS
PAU_089;10;0;25.69;521.42;0.702;0.6;0.179;HN
PAU_089;35;0;22.47;521.42;0.757;0.73;0.28;HN
PAU_089;55;0;9.61;521.42;0.751;0.731;0.276;HN
PAU_089;85;0;7.19;521.42;0.893;0.832;0.355;HN
PAU_089;95;0;6.71;521.42;0.893;0.832;0.355;HN
PAU_089;100;0;6.71;521.42;0.5;0.16;0.06;FSMS
PAU_093;10;0;14.39;863.12;0.702;0.6;0.179;HN
PAU_093;35;0;12.29;863.12;0.757;0.73;0.28;HN
PAU_093;55;0;3.87;863.12;0.751;0.731;0.276;HN
PAU_093;85;0;2.35;863.12;0.893;0.832;0.355;HN
PAU_093;95;0;2.04;863.12;0.893;0.832;0.355;HN
PAU_093;100;0;2.04;863.12;0.5;0.16;0.06;FSMS
PAU_096;10;0;21.57;381.8;0.702;0.6;0.179;HN
PAU_096;35;0;22.32;381.8;0.757;0.73;0.28;HN
PAU_096;55;0;25.3;381.8;0.751;0.731;0.276;HN
PAU_096;85;0;16.96;381.8;0.893;0.832;0.355;HN
PAU_096;95;0;15.29;381.8;0.893;0.832;0.355;HN
PAU_096;100;0;15.29;381.8;0.5;0.16;0.06;FSMS
PAU_098;10;0;31.79;514.86;0.702;0.6;0.179;HN
PAU_098;35;0;27.83;514.86;0.757;0.73;0.28;HN
PAU_098;55;0;11.98;514.86;0.751;0.731;0.276;HN
PAU_098;85;0;4.70;514.86;0.893;0.832;0.355;HN
PAU_098;95;0;3.24;514.86;0.893;0.832;0.355;HN
PAU_098;100;0;3.24;514.86;0.5;0.16;0.06;FSMS
PAU_099;10;0;39.08;291.8;0.702;0.6;0.179;HN
PAU_099;35;0;38.62;291.8;0.757;0.73;0.28;HN
PAU_099;55;0;36.77;291.8;0.751;0.731;0.276;HN
PAU_099;85;0;24.85;291.8;0.893;0.832;0.355;HN
PAU_099;95;0;22.46;291.8;0.893;0.832;0.355;HN
PAU_099;100;0;22.46;291.8;0.5;0.16;0.06;FSMS
PAU_102;10;0;38.15;405.9;0.702;0.6;0.179;HN
PAU_102;35;0;37.03;405.9;0.757;0.73;0.28;HN
PAU_102;55;0;32.55;405.9;0.751;0.731;0.276;HN
PAU_102;85;0;17.8;405.9;0.893;0.832;0.355;HN
PAU_102;95;0;14.85;405.9;0.893;0.832;0.355;HN
PAU_102;100;0;14.85;405.9;0.5;0.16;0.06;FSMS
PAU_103;10;0;8.11;1280.62;0.702;0.6;0.179;HN
PAU_103;35;0;7.59;1280.62;0.757;0.73;0.28;HN
PAU_103;55;0;5.5;1280.62;0.751;0.731;0.276;HN
PAU_103;85;0;1.63;1280.62;0.893;0.832;0.355;HN
PAU_103;95;0;0.86;1280.62;0.893;0.832;0.355;HN
PAU_103;100;0;0.86;1280.62;0.5;0.16;0.06;FSMS
PAU_105;10;0;27.61;469.42;0.702;0.6;0.179;HN
PAU_105;35;0;24.36;469.42;0.757;0.73;0.28;HN
PAU_105;55;0;11.38;469.42;0.751;0.731;0.276;HN
PAU_105;85;0;3.59;469.42;0.893;0.832;0.355;HN
PAU_105;95;0;2.03;469.42;0.893;0.832;0.355;HN
PAU_105;100;0;2.03;469.42;0.5;0.16;0.06;FSMS
SWK_024;25;0;9.78;669.1;0.763;0.729;0.283;HN
SWK_024;40;0;4.35;669.1;0.763;0.729;0.283;HN
SWK_024;50;0;1.64;669.1;0.763;0.729;0.283;HN
SWK_024;70;0;7.09;669.1;0.702;0.6;0.179;HN
SWK_024;100;0;12.53;669.1;0.893;0.832;0.355;HN
SWK_024;110;0;12.53;669.1;0.5;0.16;0.06;FSMS
SWK_025;25;0;35.42;358.98;0.763;0.729;0.283;HN
SWK_025;40;0;21.36;358.98;0.763;0.729;0.283;HN
SWK_025;50;0;31.84;358.98;0.763;0.729;0.283;HN
SWK_025;70;0;33.70;358.98;0.702;0.6;0.179;HN
SWK_025;100;0;35.55;358.98;0.893;0.832;0.355;HN
SWK_025;110;0;35.55;358.98;0.5;0.16;0.06;FSMS
SWK_026;25;0;9.03;989.04;0.763;0.729;0.283;HN
SWK_026;40;0;6.98;989.04;0.763;0.729;0.283;HN
SWK_026;50;0;5.95;989.04;0.763;0.729;0.283;HN
SWK_026;70;0;7.54;989.04;0.702;0.6;0.179;HN
SWK_026;100;0;9.13;989.04;0.893;0.832;0.355;HN
SWK_026;110;0;9.13;989.04;0.5;0.16;0.06;FSMS
SWK_027;25;0;5.7;798.48;0.763;0.729;0.283;HN
SWK_027;40;0;4.36;798.48;0.763;0.729;0.283;HN
SWK_027;50;0;3.69;798.48;0.763;0.729;0.283;HN
SWK_027;70;0;16.45;798.48;0.702;0.6;0.179;HN
SWK_027;100;0;29.2;798.48;0.893;0.832;0.355;HN
SWK_027;110;0;29.2;798.48;0.5;0.16;0.06;FSMS
SWK_028;25;0;31.76;383.92;0.763;0.729;0.283;HN
SWK_028;40;0;30.29;383.92;0.763;0.729;0.283;HN
SWK_028;50;0;29.56;383.92;0.763;0.729;0.283;HN
SWK_028;70;0;25.81;383.92;0.702;0.6;0.179;HN
SWK_028;100;0;22.05;383.92;0.893;0.832;0.355;HN
SWK_028;110;0;22.05;383.92;0.5;0.16;0.06;FSMS
SWK_029;25;0;31.8;421.9;0.763;0.729;0.283;HN
SWK_029;40;0;32.25;421.9;0.763;0.729;0.283;HN
SWK_029;50;0;32.48;421.9;0.763;0.729;0.283;HN
SWK_029;70;0;25.85;421.9;0.702;0.6;0.179;HN
SWK_029;100;0;19.21;421.9;0.893;0.832;0.355;HN
SWK_029;110;0;19.21;421.9;0.5;0.16;0.06;FSMS
SWK_031;25;0;32.76;430.36;0.763;0.729;0.283;HN
SWK_031;40;0;22.73;430.36;0.763;0.729;0.283;HN
SWK_031;50;0;17.72;430.36;0.763;0.729;0.283;HN
SWK_031;70;0;15.21;430.36;0.702;0.6;0.179;HN
SWK_031;100;0;12.69;430.36;0.893;0.832;0.355;HN
SWK_031;110;0;12.69;430.36;0.5;0.16;0.06;FSMS
SWK_032;25;0;34.43;368.54;0.763;0.729;0.283;HN
SWK_032;40;0;36.89;368.54;0.763;0.729;0.283;HN
SWK_032;50;0;38.12;368.54;0.763;0.729;0.283;HN
SWK_032;70;0;39.03;368.54;0.702;0.6;0.179;HN
SWK_032;100;0;39.93;368.54;0.893;0.832;0.355;HN
SWK_032;110;0;39.93;368.54;0.5;0.16;0.06;FSMS
SWK_033;25;0;23.85;552.02;0.763;0.729;0.283;HN
SWK_033;40;0;22.44;552.02;0.763;0.729;0.283;HN
SWK_033;50;0;21.74;552.02;0.763;0.729;0.283;HN
SWK_033;70;0;21.89;552.02;0.702;0.6;0.179;HN
SWK_033;100;0;22.04;552.02;0.893;0.832;0.355;HN
SWK_033;110;0;22.04;552.02;0.5;0.16;0.06;FSMS
SWS_034;16;0;31.51;218.38;0.779;0.71;0.281;HN
SWS_034;32;0;32.0;218.38;0.763;0.729;0.283;HN
SWS_034;50;0;35.45;218.38;0.814;0.799;0.25;HN
SWS_034;85;0;36.92;218.38;0.814;0.799;0.25;HN
SWS_034;105;0;37.51;218.38;0.893;0.832;0.355;HN
SWS_034;120;0;37.51;218.38;0.893;0.832;0.355;HN
SWS_034;130;0;37.51;218.38;0.893;0.832;0.355;HN
SWS_035;16;0;26.46;310.22;0.779;0.71;0.281;HN
SWS_035;32;0;26.79;310.22;0.763;0.729;0.283;HN
SWS_035;50;0;29.09;310.22;0.814;0.799;0.25;HN
SWS_035;85;0;31.18;310.22;0.814;0.799;0.25;HN
SWS_035;105;0;32.02;310.22;0.893;0.832;0.355;HN
SWS_035;120;0;32.02;310.22;0.893;0.832;0.355;HN
SWS_035;130;0;32.02;310.22;0.893;0.832;0.355;HN
SWS_036;16;0;31.9;274.52;0.779;0.71;0.281;HN
SWS_036;32;0;32.30;274.52;0.763;0.729;0.283;HN
SWS_036;50;0;35.07;274.52;0.814;0.799;0.25;HN
SWS_036;85;0;33.41;274.52;0.814;0.799;0.25;HN
SWS_036;105;0;32.74;274.52;0.893;0.832;0.355;HN
SWS_036;120;0;32.74;274.52;0.893;0.832;0.355;HN
SWS_036;130;0;32.74;274.52;0.893;0.832;0.355;HN
SWS_037;16;0;29.51;271.14;0.779;0.71;0.281;HN
SWS_037;32;0;30.56;271.14;0.763;0.729;0.283;HN
SWS_037;50;0;37.89;271.14;0.814;0.799;0.25;HN
SWS_037;85;0;38.28;271.14;0.814;0.799;0.25;HN
SWS_037;105;0;38.44;271.14;0.893;0.832;0.355;HN
SWS_037;120;0;38.44;271.14;0.893;0.832;0.355;HN
SWS_037;130;0;38.44;271.14;0.893;0.832;0.355;HN
SWS_038;16;0;32.22;243.04;0.779;0.71;0.281;HN
SWS_038;32;0;32.94;243.04;0.763;0.729;0.283;HN
SWS_038;50;0;37.94;243.04;0.814;0.799;0.25;HN
SWS_038;85;0;37.7;243.04;0.814;0.799;0.25;HN
SWS_038;105;0;37.6;243.04;0.893;0.832;0.355;HN
SWS_038;120;0;37.6;243.04;0.893;0.832;0.355;HN
SWS_038;130;0;37.6;243.04;0.893;0.832;0.355;HN
SWS_039;16;0;35.07;283.62;0.779;0.71;0.281;HN
SWS_039;32;0;35.58;283.62;0.763;0.729;0.283;HN
SWS_039;50;0;39.16;283.62;0.814;0.799;0.25;HN
SWS_039;85;0;36.66;283.62;0.814;0.799;0.25;HN
SWS_039;105;0;35.66;283.62;0.893;0.832;0.355;HN
SWS_039;120;0;35.66;283.62;0.893;0.832;0.355;HN
SWS_039;130;0;35.66;283.62;0.893;0.832;0.355;HN
SWS_040;16;0;32.99;247.78;0.779;0.71;0.281;HN
SWS_040;32;0;33.54;247.78;0.763;0.729;0.283;HN
SWS_040;50;0;37.38;247.78;0.814;0.799;0.25;HN
SWS_040;85;0;36.49;247.78;0.814;0.799;0.25;HN
SWS_040;105;0;36.13;247.78;0.893;0.832;0.355;HN
SWS_040;120;0;36.13;247.78;0.893;0.832;0.355;HN
SWS_040;130;0;36.13;247.78;0.893;0.832;0.355;HN
SWS_041;16;0;29.82;303.56;0.779;0.71;0.281;HN
SWS_041;32;0;30.71;303.56;0.763;0.729;0.283;HN
SWS_041;50;0;36.96;303.56;0.814;0.799;0.25;HN
SWS_041;85;0;38.87;303.56;0.814;0.799;0.25;HN
SWS_041;105;0;39.63;303.56;0.893;0.832;0.355;HN
SWS_041;120;0;39.63;303.56;0.893;0.832;0.355;HN
SWS_041;130;0;39.63;303.56;0.893;0.832;0.355;HN
SWS_042;16;0;32.76;249.62;0.779;0.71;0.281;HN
SWS_042;32;0;33.71;249.62;0.763;0.729;0.283;HN
SWS_042;50;0;40.32;249.62;0.814;0.799;0.25;HN
SWS_042;85;0;39.71;249.62;0.814;0.799;0.25;HN
SWS_042;105;0;39.47;249.62;0.893;0.832;0.355;HN
SWS_042;120;0;39.47;249.62;0.893;0.832;0.355;HN
SWS_042;130;0;39.47;249.62;0.893;0.832;0.355;HN
SWS_043;16;0;31.37;224.46;0.779;0.71;0.281;HN
SWS_043;32;0;31.84;224.46;0.763;0.729;0.283;HN
SWS_043;50;0;35.13;224.46;0.814;0.799;0.25;HN
SWS_043;85;0;37.79;224.46;0.814;0.799;0.25;HN
SWS_043;105;0;38.85;224.46;0.893;0.832;0.355;HN
SWS_043;120;0;38.85;224.46;0.893;0.832;0.355;HN
SWS_043;130;0;38.85;224.46;0.893;0.832;0.355;HN
SWS_044;16;0;31.56;315.32;0.779;0.71;0.281;HN
SWS_044;32;0;32.27;315.32;0.763;0.729;0.283;HN
SWS_044;50;0;37.22;315.32;0.814;0.799;0.25;HN
SWS_044;85;0;36.86;315.32;0.814;0.799;0.25;HN
SWS_044;105;0;36.71;315.32;0.893;0.832;0.355;HN
SWS_044;120;0;36.71;315.32;0.893;0.832;0.355;HN
SWS_044;130;0;36.71;315.32;0.893;0.832;0.355;HN
SWS_045;16;0;20.6;301.66;0.779;0.71;0.281;HN
SWS_045;32;0;22.48;301.66;0.763;0.729;0.283;HN
SWS_045;50;0;35.63;301.66;0.814;0.799;0.25;HN
SWS_045;85;0;34.96;301.66;0.814;0.799;0.25;HN
SWS_045;105;0;34.69;301.66;0.893;0.832;0.355;HN
SWS_045;120;0;34.69;301.66;0.893;0.832;0.355;HN
SWS_045;130;0;34.69;301.66;0.893;0.832;0.355;HN