Soil;Depth;Sand;Silt;Clay;Corg;pH;Bulk_density;KA5TextureClass;Buek_SoilID
BAR_001;30;0.86;0.12;0.02;40.47;;1700;fSms;234208
BAR_001;60;0.86;0.12;0.02;45.41;;1700;fSms;
BAR_001;90;0.86;0.12;0.02;43.41;;1700;fSms;
BAR_002;30;0.86;0.12;0.02;40.88;;1700;fSms;234208
BAR_002;60;0.86;0.12;0.02;46.46;;1700;fSms;
BAR_002;90;0.86;0.12;0.02;44.84;;1700;fSms;
BAR_003;30;0.86;0.12;0.02;33.22;;1700;fSms;234208
BAR_003;60;0.86;0.12;0.02;26.69;;1700;fSms;
BAR_003;90;0.86;0.12;0.02;32.46;;1700;fSms;
BAR_004;30;0.86;0.12;0.02;37.82;;1700;fSms;234208
BAR_004;60;0.86;0.12;0.02;43.83;;1700;fSms;
BAR_004;90;0.86;0.12;0.02;43.25;;1700;fSms;
BAR_005;30;0.86;0.12;0.02;30.69;;1700;fSms;234208
BAR_005;60;0.86;0.12;0.02;40.71;;1700;fSms;
BAR_005;90;0.86;0.12;0.02;26.6;;1700;fSms;
BAR_006;30;0.86;0.12;0.02;34.26;;1700;fSms;234208
BAR_006;60;0.86;0.12;0.02;39.55;;1700;fSms;
BAR_006;90;0.86;0.12;0.02;20.01;;1700;fSms;
BAR_007;30;0.86;0.12;0.02;33.14;;1700;fSms;234208
BAR_007;60;0.86;0.12;0.02;42.45;;1700;fSms;
BAR_007;90;0.86;0.12;0.02;6.18;;1700;fSms;
BAR_008;30;0.86;0.12;0.02;32.83;;1700;fSms;234208
BAR_008;60;0.86;0.12;0.02;35.02;;1700;fSms;
BAR_008;90;0.86;0.12;0.02;37.27;;1700;fSms;
BAR_009;30;0.86;0.12;0.02;31.35;;1700;fSms;234208
BAR_009;60;0.86;0.12;0.02;36.41;;1700;fSms;
BAR_009;90;0.86;0.12;0.02;36.54;;1700;fSms;
BAR_010;30;0.86;0.12;0.02;30.16;;1700;fSms;234208
BAR_010;60;0.86;0.12;0.02;39.92;;1700;fSms;
BAR_010;90;0.86;0.12;0.02;32.09;;1700;fSms;
BAR_011;30;0.86;0.12;0.02;33.09;;1700;fSms;234208
BAR_011;60;0.86;0.12;0.02;38.75;;1700;fSms;
BAR_011;90;0.86;0.12;0.02;39.39;;1700;fSms;
BAR_012;30;0.86;0.12;0.02;29.21;;1700;fSms;234208
BAR_012;60;0.86;0.12;0.02;29.58;;1700;fSms;
BAR_012;90;0.86;0.12;0.02;33.6;;1700;fSms;
BAR_013;30;0.86;0.12;0.02;30.71;;1700;fSms;234208
BAR_013;60;0.86;0.12;0.02;31.93;;1700;fSms;
BAR_013;90;0.86;0.12;0.02;34.52;;1700;fSms;
BAR_014;30;0.86;0.12;0.02;19.42;;1700;fSms;234208
BAR_014;60;0.86;0.12;0.02;21.32;;1700;fSms;
BAR_014;90;0.86;0.12;0.02;25.44;;1700;fSms;
BAR_015;30;0.86;0.12;0.02;28.61;;1700;fSms;234208
BAR_015;60;0.86;0.12;0.02;33.81;;1700;fSms;
BAR_015;90;0.86;0.12;0.02;34.14;;1700;fSms;
BAR_016;30;0.86;0.12;0.02;27.52;;1700;fSms;234208
BAR_016;60;0.86;0.12;0.02;35.7;;1700;fSms;
BAR_016;90;0.86;0.12;0.02;38.57;;1700;fSms;
BAR_017;30;0.86;0.12;0.02;11.49;;1700;fSms;234208
BAR_017;60;0.86;0.12;0.02;2.22;;1700;fSms;
BAR_017;90;0.86;0.12;0.02;2.5;;1700;fSms;
BAR_018;30;0.86;0.12;0.02;35.36;;1700;fSms;234208
BAR_018;60;0.86;0.12;0.02;39.55;;1700;fSms;
BAR_018;90;0.86;0.12;0.02;32.17;;1700;fSms;
BAR_019;30;0.86;0.12;0.02;10.75;;1700;fSms;234208
BAR_019;60;0.86;0.12;0.02;3.27;;1700;fSms;
BAR_019;90;0.86;0.12;0.02;0.64;;1700;fSms;
BAR_020;30;0.86;0.12;0.02;20;;1700;fSms;234208
BAR_020;60;0.86;0.12;0.02;5.31;;1700;fSms;
BAR_020;90;0.86;0.12;0.02;1.65;;1700;fSms;
BAR_021;30;0.86;0.12;0.02;37.28;;1700;fSms;234208
BAR_021;60;0.86;0.12;0.02;40.95;;1700;fSms;
BAR_021;90;0.86;0.12;0.02;40.9;;1700;fSms;
BAR_022;30;0.86;0.12;0.02;12.44;;1700;fSms;234208
BAR_022;60;0.86;0.12;0.02;8.85;;1700;fSms;
BAR_022;90;0.86;0.12;0.02;10.89;;1700;fSms;
MSW_001;30;0.93;0.05;0.02;37.57;5.75;1700;Ss;314285
MSW_001;60;0.93;0.05;0.02;34.31;5.75;1700;Ss;
MSW_001;90;0.93;0.05;0.02;31.48;4.35;1700;Ss;
MSW_002;30;0.93;0.05;0.02;30.38;5.75;1700;Ss;314285
MSW_002;60;0.93;0.05;0.02;40.68;5.75;1700;Ss;
MSW_002;90;0.93;0.05;0.02;38.5;4.35;1700;Ss;
MSW_003;30;0.93;0.05;0.02;16.6;5.75;1700;Ss;314285
MSW_003;60;0.93;0.05;0.02;15.71;5.75;1700;Ss;
MSW_003;90;0.93;0.05;0.02;33.09;4.35;1700;Ss;
MSW_004;30;0.93;0.05;0.02;23.49;5.75;1700;Ss;314285
MSW_004;60;0.93;0.05;0.02;33.51;5.75;1700;Ss;
MSW_004;90;0.93;0.05;0.02;31.03;4.35;1700;Ss;
MSW_005;30;0.93;0.05;0.02;26.47;5.75;1700;Ss;314285
MSW_005;60;0.93;0.05;0.02;31.13;5.75;1700;Ss;
MSW_005;90;0.93;0.05;0.02;15.8;4.35;1700;Ss;
MSW_006;30;0.93;0.05;0.02;26.26;5.75;1700;Ss;314285
MSW_006;60;0.93;0.05;0.02;11.96;5.75;1700;Ss;
MSW_006;90;0.93;0.05;0.02;4.15;4.35;1700;Ss;
MSW_007;30;0.93;0.05;0.02;16.74;5.75;1700;Ss;314285
MSW_007;60;0.93;0.05;0.02;24.76;5.75;1700;Ss;
MSW_007;90;0.93;0.05;0.02;20.06;4.35;1700;Ss;
MSW_008;30;0.93;0.05;0.02;23.83;5.75;1700;Ss;314285
MSW_008;60;0.93;0.05;0.02;43.03;5.75;1700;Ss;
MSW_008;90;0.93;0.05;0.02;34.46;4.35;1700;Ss;
MSW_009;30;0.93;0.05;0.02;12.62;5.75;1700;Ss;314285
MSW_009;60;0.93;0.05;0.02;25.46;5.75;1700;Ss;
MSW_009;90;0.93;0.05;0.02;14.05;4.35;1700;Ss;
MSW_010;30;0.93;0.05;0.02;18.74;5.75;1700;Ss;314285
MSW_010;60;0.93;0.05;0.02;32.14;5.75;1700;Ss;
MSW_010;90;0.93;0.05;0.02;22.68;4.35;1700;Ss;
MSW_011;30;0.93;0.05;0.02;14.15;5.75;1700;Ss;314285
MSW_011;60;0.93;0.05;0.02;22.19;5.75;1700;Ss;
MSW_011;90;0.93;0.05;0.02;26.01;4.35;1700;Ss;
MSW_012;30;0.93;0.05;0.02;16.97;5.75;1700;Ss;314285
MSW_012;60;0.93;0.05;0.02;21.42;5.75;1700;Ss;
MSW_012;90;0.93;0.05;0.02;21.55;4.35;1700;Ss;
MSW_013;30;0.93;0.05;0.02;7.74;5.75;1700;Ss;314285
MSW_013;60;0.93;0.05;0.02;2.4;5.75;1700;Ss;
MSW_013;90;0.93;0.05;0.02;0.43;4.35;1700;Ss;
MSW_014;30;0.93;0.05;0.02;14.4;5.75;1700;Ss;314285
MSW_014;60;0.93;0.05;0.02;25.56;5.75;1700;Ss;
MSW_014;90;0.93;0.05;0.02;39.3;4.35;1700;Ss;
MSW_015;30;0.93;0.05;0.02;16.44;5.75;1700;Ss;314285
MSW_015;60;0.93;0.05;0.02;34.41;5.75;1700;Ss;
MSW_015;90;0.93;0.05;0.02;26.06;4.35;1700;Ss;
MSW_016;30;0.93;0.05;0.02;25.95;5.75;1700;Ss;314285
MSW_016;60;0.93;0.05;0.02;31.13;5.75;1700;Ss;
MSW_016;90;0.93;0.05;0.02;28.85;4.35;1700;Ss;
MSW_017;30;0.93;0.05;0.02;5.55;5.75;1700;Ss;314285
MSW_017;60;0.93;0.05;0.02;2.13;5.75;1700;Ss;
MSW_017;90;0.93;0.05;0.02;0.53;4.35;1700;Ss;
MSW_018;30;0.93;0.05;0.02;8.04;5.75;1700;Ss;314285
MSW_018;60;0.93;0.05;0.02;8.28;5.75;1700;Ss;
MSW_018;90;0.93;0.05;0.02;6.13;4.35;1700;Ss;
MSW_019;30;0.93;0.05;0.02;12.48;5.75;1700;Ss;314285
MSW_019;60;0.93;0.05;0.02;22.1;5.75;1700;Ss;
MSW_019;90;0.93;0.05;0.02;27.05;4.35;1700;Ss;
MSW_020;30;0.93;0.05;0.02;9.37;5.75;1700;Ss;314285
MSW_020;60;0.93;0.05;0.02;19.29;5.75;1700;Ss;
MSW_020;90;0.93;0.05;0.02;36.14;4.35;1700;Ss;
MSW_021;30;0.93;0.05;0.02;28.49;5.75;1700;Ss;314285
MSW_021;60;0.93;0.05;0.02;36.13;5.75;1700;Ss;
MSW_021;90;0.93;0.05;0.02;34.26;4.35;1700;Ss;
MSW_022;30;0.93;0.05;0.02;11.56;5.75;1700;Ss;314285
MSW_022;60;0.93;0.05;0.02;21.06;5.75;1700;Ss;
MSW_022;90;0.93;0.05;0.02;15.9;4.35;1700;Ss;
MSW_023;30;0.93;0.05;0.02;20.04;5.75;1700;Ss;314285
MSW_023;60;0.93;0.05;0.02;23.31;5.75;1700;Ss;
MSW_023;90;0.93;0.05;0.02;17.82;4.35;1700;Ss;
MSW_024;30;0.93;0.05;0.02;15.67;5.75;1700;Ss;314285
MSW_024;60;0.93;0.05;0.02;32.55;5.75;1700;Ss;
MSW_024;90;0.93;0.05;0.02;30.78;4.35;1700;Ss;
MSW_025;30;0.93;0.05;0.02;14.99;5.75;1700;Ss;314285
MSW_025;60;0.93;0.05;0.02;29.49;5.75;1700;Ss;
MSW_025;90;0.93;0.05;0.02;31.6;4.35;1700;Ss;
MSW_026;30;0.93;0.05;0.02;13.7;5.75;1700;Ss;314285
MSW_026;60;0.93;0.05;0.02;27.96;5.75;1700;Ss;
MSW_026;90;0.93;0.05;0.02;31.8;4.35;1700;Ss;
MSW_027;30;0.93;0.05;0.02;21.05;5.75;1700;Ss;314285
MSW_027;60;0.93;0.05;0.02;32.64;5.75;1700;Ss;
MSW_027;90;0.93;0.05;0.02;31.44;4.35;1700;Ss;
MSW_028;30;0.93;0.05;0.02;26.3;5.75;1700;Ss;314285
MSW_028;60;0.93;0.05;0.02;25.59;5.75;1700;Ss;
MSW_028;90;0.93;0.05;0.02;34.73;4.35;1700;Ss;
MSW_044;30;0.93;0.05;0.02;87.2093;5.75;1700;Ss;314285
MSW_044;60;0.93;0.05;0.02;29.0698;5.75;1700;Ss;
MSW_044;90;0.93;0.05;0.02;29.0698;4.35;1700;Ss;
MSW_045;30;0.93;0.05;0.02;87.2093;5.75;1700;Ss;314285
MSW_045;60;0.93;0.05;0.02;29.0698;5.75;1700;Ss;
MSW_045;90;0.93;0.05;0.02;29.0698;4.35;1700;Ss;
MSW_046;30;0.93;0.05;0.02;87.2093;5.75;1700;Ss;314285
MSW_046;60;0.93;0.05;0.02;29.0698;5.75;1700;Ss;
MSW_046;90;0.93;0.05;0.02;29.0698;4.35;1700;Ss;
MSX_029;30;0.93;0.05;0.02;87.2093;5.75;1700;Ss;314285
MSX_029;60;0.93;0.05;0.02;29.0698;5.75;1700;Ss;
MSX_029;90;0.93;0.05;0.02;29.0698;4.35;1700;Ss;
MSX_030;30;0.93;0.05;0.02;87.2093;5.75;1700;Ss;314285
MSX_030;60;0.93;0.05;0.02;29.0698;5.75;1700;Ss;
MSX_030;90;0.93;0.05;0.02;29.0698;4.35;1700;Ss;
MSX_031;30;0.93;0.05;0.02;87.2093;5.75;1700;Ss;314285
MSX_031;60;0.93;0.05;0.02;29.0698;5.75;1700;Ss;
MSX_031;90;0.93;0.05;0.02;29.0698;4.35;1700;Ss;
MSX_032;30;0.93;0.05;0.02;87.2093;5.75;1700;Ss;314285
MSX_032;60;0.93;0.05;0.02;29.0698;5.75;1700;Ss;
MSX_032;90;0.93;0.05;0.02;29.0698;4.35;1700;Ss;
MSX_033;30;0.93;0.05;0.02;87.2093;5.75;1700;Ss;314285
MSX_033;60;0.93;0.05;0.02;29.0698;5.75;1700;Ss;
MSX_033;90;0.93;0.05;0.02;29.0698;4.35;1700;Ss;
MSX_034;30;0.93;0.05;0.02;87.2093;5.75;1700;Ss;314285
MSX_034;60;0.93;0.05;0.02;29.0698;5.75;1700;Ss;
MSX_034;90;0.93;0.05;0.02;29.0698;4.35;1700;Ss;
MSX_035;30;0.93;0.05;0.02;87.2093;5.75;1700;Ss;314285
MSX_035;60;0.93;0.05;0.02;29.0698;5.75;1700;Ss;
MSX_035;90;0.93;0.05;0.02;29.0698;4.35;1700;Ss;
MSX_036;30;0.93;0.05;0.02;87.2093;5.75;1700;Ss;314285
MSX_036;60;0.93;0.05;0.02;29.0698;5.75;1700;Ss;
MSX_036;90;0.93;0.05;0.02;29.0698;4.35;1700;Ss;
MSX_037;30;0.93;0.05;0.02;87.2093;5.75;1700;Ss;314285
MSX_037;60;0.93;0.05;0.02;29.0698;5.75;1700;Ss;
MSX_037;90;0.93;0.05;0.02;29.0698;4.35;1700;Ss;
MSX_038;30;0.93;0.05;0.02;87.2093;5.75;1700;Ss;314285
MSX_038;60;0.93;0.05;0.02;29.0698;5.75;1700;Ss;
MSX_038;90;0.93;0.05;0.02;29.0698;4.35;1700;Ss;
MSX_039;30;0.93;0.05;0.02;87.2093;5.75;1700;Ss;314285
MSX_039;60;0.93;0.05;0.02;29.0698;5.75;1700;Ss;
MSX_039;90;0.93;0.05;0.02;29.0698;4.35;1700;Ss;
MSX_040;30;0.93;0.05;0.02;87.2093;5.75;1700;Ss;314285
MSX_040;60;0.93;0.05;0.02;29.0698;5.75;1700;Ss;
MSX_040;90;0.93;0.05;0.02;29.0698;4.35;1700;Ss;
MSX_041;30;0.93;0.05;0.02;87.2093;5.75;1700;Ss;314285
MSX_041;60;0.93;0.05;0.02;29.0698;5.75;1700;Ss;
MSX_041;90;0.93;0.05;0.02;29.0698;4.35;1700;Ss;
MSX_042;30;0.93;0.05;0.02;87.2093;5.75;1700;Ss;314285
MSX_042;60;0.93;0.05;0.02;29.0698;5.75;1700;Ss;
MSX_042;90;0.93;0.05;0.02;29.0698;4.35;1700;Ss;
MSX_043;30;0.93;0.05;0.02;87.2093;5.75;1700;Ss;314285
MSX_043;60;0.93;0.05;0.02;29.0698;5.75;1700;Ss;
MSX_043;90;0.93;0.05;0.02;29.0698;4.35;1700;Ss;
PAU_001;30;0.93;0.05;0.02;15.21;6.5;1700;Ss;394246
PAU_001;60;0.93;0.05;0.02;3.52;6.5;1700;Ss;
PAU_001;90;0.93;0.05;0.02;3.13;7.0;1700;Ss;
PAU_002;30;0.93;0.05;0.02;8.53;6.5;1700;Ss;394246
PAU_002;60;0.93;0.05;0.02;4.75;6.5;1700;Ss;
PAU_002;90;0.93;0.05;0.02;1.59;7.0;1700;Ss;
PAU_003;30;0.93;0.05;0.02;36.93;6.5;1700;Ss;394246
PAU_003;60;0.93;0.05;0.02;39.33;6.5;1700;Ss;
PAU_003;90;0.93;0.05;0.02;37.5;7.0;1700;Ss;
PAU_004;30;0.93;0.05;0.02;10.54;6.5;1700;Ss;394246
PAU_004;60;0.93;0.05;0.02;5.34;6.5;1700;Ss;
PAU_004;90;0.93;0.05;0.02;4.39;7.0;1700;Ss;
PAU_005;30;0.93;0.05;0.02;35.75;6.5;1700;Ss;394246
PAU_005;60;0.93;0.05;0.02;32.58;6.5;1700;Ss;
PAU_005;90;0.93;0.05;0.02;15.24;7.0;1700;Ss;
PAU_006;30;0.93;0.05;0.02;30.56;6.5;1700;Ss;394246
PAU_006;60;0.93;0.05;0.02;8.07;6.5;1700;Ss;
PAU_006;90;0.93;0.05;0.02;6.28;7.0;1700;Ss;
PAU_007;30;0.93;0.05;0.02;18.38;6.5;1700;Ss;394250
PAU_007;60;0.93;0.05;0.02;3.35;6.5;1700;Ss;
PAU_007;90;0.93;0.05;0.02;3.64;6.5;1700;Ss;
PAU_008;30;0.93;0.05;0.02;31.49;6.5;1700;Ss;394250
PAU_008;60;0.93;0.05;0.02;6.67;6.5;1700;Ss;
PAU_008;90;0.93;0.05;0.02;7.45;6.5;1700;Ss;
PAU_009;30;0.93;0.05;0.02;35.9;6.5;1700;Ss;394250
PAU_009;60;0.93;0.05;0.02;15.25;6.5;1700;Ss;
PAU_009;90;0.93;0.05;0.02;6.46;6.5;1700;Ss;
PAU_010;30;0.93;0.05;0.02;10.66;6.5;1700;Ss;394250
PAU_010;60;0.93;0.05;0.02;13.51;6.5;1700;Ss;
PAU_010;90;0.93;0.05;0.02;7.08;6.5;1700;Ss;
PAU_011;30;0.93;0.05;0.02;12.86;6.5;1700;Ss;394246
PAU_011;60;0.93;0.05;0.02;13.08;6.5;1700;Ss;
PAU_011;90;0.93;0.05;0.02;5.47;7.0;1700;Ss;
PAU_012;30;0.93;0.05;0.02;9.58;6.5;1700;Ss;394246
PAU_012;60;0.93;0.05;0.02;4.92;6.5;1700;Ss;
PAU_012;90;0.93;0.05;0.02;4.31;7.0;1700;Ss;
PAU_013;30;0.93;0.05;0.02;37.14;6.5;1700;Ss;394246
PAU_013;60;0.93;0.05;0.02;25.67;6.5;1700;Ss;
PAU_013;90;0.93;0.05;0.02;5.37;7.0;1700;Ss;
PAU_014;30;0.93;0.05;0.02;3.91;6.5;1700;Ss;394246
PAU_014;60;0.93;0.05;0.02;34.46;6.5;1700;Ss;
PAU_014;90;0.93;0.05;0.02;23.68;7.0;1700;Ss;
PAU_015;30;0.93;0.05;0.02;39.06;6.5;1700;Ss;394246
PAU_015;60;0.93;0.05;0.02;21.93;6.5;1700;Ss;
PAU_015;90;0.93;0.05;0.02;4.99;7.0;1700;Ss;
PAU_016;30;0.93;0.05;0.02;39.71;6.5;1700;Ss;394246
PAU_016;60;0.93;0.05;0.02;40.84;6.5;1700;Ss;
PAU_016;90;0.93;0.05;0.02;22.36;7.0;1700;Ss;
PAU_017;30;0.93;0.05;0.02;37.3;6.5;1700;Ss;394246
PAU_017;60;0.93;0.05;0.02;21.26;6.5;1700;Ss;
PAU_017;90;0.93;0.05;0.02;9.68;7.0;1700;Ss;
PAU_018;30;0.93;0.05;0.02;19.32;6.5;1700;Ss;394246
PAU_018;60;0.93;0.05;0.02;10.33;6.5;1700;Ss;
PAU_018;90;0.93;0.05;0.02;2.29;7.0;1700;Ss;
PAU_019;30;0.93;0.05;0.02;33.62;6.5;1700;Ss;394246
PAU_019;60;0.93;0.05;0.02;5.65;6.5;1700;Ss;
PAU_019;90;0.93;0.05;0.02;3.68;7.0;1700;Ss;
PAU_020;30;0.93;0.05;0.02;38.92;6.5;1700;Ss;394246
PAU_020;60;0.93;0.05;0.02;38.16;6.5;1700;Ss;
PAU_020;90;0.93;0.05;0.02;14.72;7.0;1700;Ss;
PAU_021;30;0.93;0.05;0.02;26.29;6.5;1700;Ss;394246
PAU_021;60;0.93;0.05;0.02;4.79;6.5;1700;Ss;
PAU_021;90;0.93;0.05;0.02;1.81;7.0;1700;Ss;
PAU_022;30;0.93;0.05;0.02;7.59;6.5;1700;Ss;394246
PAU_022;60;0.93;0.05;0.02;5.66;6.5;1700;Ss;
PAU_022;90;0.93;0.05;0.02;0.83;7.0;1700;Ss;
PAU_023;30;0.93;0.05;0.02;38.98;6.5;1700;Ss;394246
PAU_023;60;0.93;0.05;0.02;43.11;6.5;1700;Ss;
PAU_023;90;0.93;0.05;0.02;42.63;7.0;1700;Ss;
PAU_024;30;0.93;0.05;0.02;36.33;6.5;1700;Ss;394246
PAU_024;60;0.93;0.05;0.02;22.95;6.5;1700;Ss;
PAU_024;90;0.93;0.05;0.02;6.28;7.0;1700;Ss;
PAU_025;30;0.93;0.05;0.02;36.9;6.5;1700;Ss;394246
PAU_025;60;0.93;0.05;0.02;26.96;6.5;1700;Ss;
PAU_025;90;0.93;0.05;0.02;15.08;7.0;1700;Ss;
PAU_026;30;0.93;0.05;0.02;38.31;6.5;1700;Ss;394246
PAU_026;60;0.93;0.05;0.02;38.12;6.5;1700;Ss;
PAU_026;90;0.93;0.05;0.02;26.2;7.0;1700;Ss;
PAU_027;30;0.93;0.05;0.02;9.34;6.5;1700;Ss;394246
PAU_027;60;0.93;0.05;0.02;1.84;6.5;1700;Ss;
PAU_027;90;0.93;0.05;0.02;1.15;7.0;1700;Ss;
PAU_028;30;0.93;0.05;0.02;13.16;6.5;1700;Ss;394246
PAU_028;60;0.93;0.05;0.02;3.14;6.5;1700;Ss;
PAU_028;90;0.93;0.05;0.02;0.1;7.0;1700;Ss;
PAU_029;30;0.93;0.05;0.02;8.48;6.5;1700;Ss;394246
PAU_029;60;0.93;0.05;0.02;3.9;6.5;1700;Ss;
PAU_029;90;0.93;0.05;0.02;1.39;7.0;1700;Ss;
PAU_030;30;0.93;0.05;0.02;30.96;6.5;1700;Ss;394246
PAU_030;60;0.93;0.05;0.02;6.55;6.5;1700;Ss;
PAU_030;90;0.93;0.05;0.02;3.3;7.0;1700;Ss;
PAU_031;30;0.93;0.05;0.02;37.52;6.5;1700;Ss;394246
PAU_031;60;0.93;0.05;0.02;28.52;6.5;1700;Ss;
PAU_031;90;0.93;0.05;0.02;9.46;7.0;1700;Ss;
PAU_032;30;0.93;0.05;0.02;11.67;6.5;1700;Ss;394250
PAU_032;60;0.93;0.05;0.02;4.28;6.5;1700;Ss;
PAU_032;90;0.93;0.05;0.02;2.8;6.5;1700;Ss;
PAU_033;30;0.93;0.05;0.02;17.91;6.5;1700;Ss;394250
PAU_033;60;0.93;0.05;0.02;6.4;6.5;1700;Ss;
PAU_033;90;0.93;0.05;0.02;2.49;6.5;1700;Ss;
PAU_034;30;0.93;0.05;0.02;21.46;6.5;1700;Ss;394246
PAU_034;60;0.93;0.05;0.02;10.98;6.5;1700;Ss;
PAU_034;90;0.93;0.05;0.02;2.7;7.0;1700;Ss;
PAU_035;30;0.93;0.05;0.02;36.05;6.5;1700;Ss;394246
PAU_035;60;0.93;0.05;0.02;7.03;6.5;1700;Ss;
PAU_035;90;0.93;0.05;0.02;3.58;7.0;1700;Ss;
PAU_036;30;0.93;0.05;0.02;34.91;6.5;1700;Ss;394246
PAU_036;60;0.93;0.05;0.02;10.8;6.5;1700;Ss;
PAU_036;90;0.93;0.05;0.02;2.58;7.0;1700;Ss;
PAU_037;30;0.93;0.05;0.02;7.04;6.5;1700;Ss;394250
PAU_037;60;0.93;0.05;0.02;1.15;6.5;1700;Ss;
PAU_037;90;0.93;0.05;0.02;0.13;6.5;1700;Ss;
PAU_038;30;0.93;0.05;0.02;14.58;6.5;1700;Ss;394246
PAU_038;60;0.93;0.05;0.02;5.29;6.5;1700;Ss;
PAU_038;90;0.93;0.05;0.02;2.97;7.0;1700;Ss;
PAU_039;30;0.93;0.05;0.02;27.26;6.5;1700;Ss;394246
PAU_039;60;0.93;0.05;0.02;2.8;6.5;1700;Ss;
PAU_039;90;0.93;0.05;0.02;4.35;7.0;1700;Ss;
PAU_040;30;0.93;0.05;0.02;37.88;6.5;1700;Ss;394250
PAU_040;60;0.93;0.05;0.02;42.3;6.5;1700;Ss;
PAU_040;90;0.93;0.05;0.02;43.2;6.5;1700;Ss;
PAU_041;30;0.93;0.05;0.02;34.71;6.5;1700;Ss;394250
PAU_041;60;0.93;0.05;0.02;18.41;6.5;1700;Ss;
PAU_041;90;0.93;0.05;0.02;3.37;6.5;1700;Ss;
PAU_042;30;0.93;0.05;0.02;23.48;6.5;1700;Ss;394250
PAU_042;60;0.93;0.05;0.02;7.05;6.5;1700;Ss;
PAU_042;90;0.93;0.05;0.02;0.38;6.5;1700;Ss;
PAU_043;30;0.93;0.05;0.02;37.97;6.5;1700;Ss;394250
PAU_043;60;0.93;0.05;0.02;14.05;6.5;1700;Ss;
PAU_043;90;0.93;0.05;0.02;10.91;6.5;1700;Ss;
PAU_044;30;0.93;0.05;0.02;26.31;6.5;1700;Ss;394250
PAU_044;60;0.93;0.05;0.02;7.85;6.5;1700;Ss;
PAU_044;90;0.93;0.05;0.02;1.78;6.5;1700;Ss;
PAU_045;30;0.93;0.05;0.02;35.81;6.5;1700;Ss;394250
PAU_045;60;0.93;0.05;0.02;16.1;6.5;1700;Ss;
PAU_045;90;0.93;0.05;0.02;2.98;6.5;1700;Ss;
PAU_046;30;0.93;0.05;0.02;2.89;6.5;1700;Ss;394250
PAU_046;60;0.93;0.05;0.02;0.6;6.5;1700;Ss;
PAU_046;90;0.93;0.05;0.02;0.11;6.5;1700;Ss;
PAU_047;30;0.93;0.05;0.02;30.38;6.5;1700;Ss;394246
PAU_047;60;0.93;0.05;0.02;28.56;6.5;1700;Ss;
PAU_047;90;0.93;0.05;0.02;34.15;7.0;1700;Ss;
PAU_048;30;0.93;0.05;0.02;39;6.5;1700;Ss;394246
PAU_048;60;0.93;0.05;0.02;19.05;6.5;1700;Ss;
PAU_048;90;0.93;0.05;0.02;18.48;7.0;1700;Ss;
PAU_049;30;0.93;0.05;0.02;38.44;6.5;1700;Ss;394244
PAU_049;60;0.93;0.05;0.02;42.65;6.5;1700;Ss;
PAU_049;90;0.93;0.05;0.02;43.8;7.0;1700;Ss;
PAU_050;30;0.93;0.05;0.02;22.01;6.5;1700;Ss;394244
PAU_050;60;0.93;0.05;0.02;22.01;6.5;1700;Ss;
PAU_050;90;0.93;0.05;0.02;7.26;7.0;1700;Ss;
PAU_051;30;0.93;0.05;0.02;38.73;6.5;1700;Ss;394244
PAU_051;60;0.93;0.05;0.02;37.33;6.5;1700;Ss;
PAU_051;90;0.93;0.05;0.02;38.51;7.0;1700;Ss;
PAU_052;30;0.93;0.05;0.02;33.55;6.5;1700;Ss;394244
PAU_052;60;0.93;0.05;0.02;16.25;6.5;1700;Ss;
PAU_052;90;0.93;0.05;0.02;3.88;7.0;1700;Ss;
PAU_053;30;0.93;0.05;0.02;38.43;6.5;1700;Ss;394244
PAU_053;60;0.93;0.05;0.02;38.51;6.5;1700;Ss;
PAU_053;90;0.93;0.05;0.02;15.35;7.0;1700;Ss;
PAU_054;30;0.93;0.05;0.02;22.7;6.5;1700;Ss;394244
PAU_054;60;0.93;0.05;0.02;2.66;6.5;1700;Ss;
PAU_054;90;0.93;0.05;0.02;2.81;7.0;1700;Ss;
PAU_055;30;0.93;0.05;0.02;38.21;6.5;1700;Ss;394244
PAU_055;60;0.93;0.05;0.02;40.06;6.5;1700;Ss;
PAU_055;90;0.93;0.05;0.02;37.54;7.0;1700;Ss;
PAU_056;30;0.93;0.05;0.02;36.96;6.5;1700;Ss;394244
PAU_056;60;0.93;0.05;0.02;9.23;6.5;1700;Ss;
PAU_056;90;0.93;0.05;0.02;4.61;7.0;1700;Ss;
PAU_057;30;0.93;0.05;0.02;174.4186;6.5;1700;Ss;394246
PAU_057;60;0.93;0.05;0.02;29.0698;6.5;1700;Ss;
PAU_057;90;0.93;0.05;0.02;29.0698;7.0;1700;Ss;
PAU_058;30;0.93;0.05;0.02;174.4186;6.5;1700;Ss;394246
PAU_058;60;0.93;0.05;0.02;29.0698;6.5;1700;Ss;
PAU_058;90;0.93;0.05;0.02;29.0698;7.0;1700;Ss;
PAU_059;30;0.93;0.05;0.02;174.4186;6.5;1700;Ss;394246
PAU_059;60;0.93;0.05;0.02;29.0698;6.5;1700;Ss;
PAU_059;90;0.93;0.05;0.02;29.0698;7.0;1700;Ss;
PAU_060;30;0.93;0.05;0.02;174.4186;6.5;1700;Ss;394246
PAU_060;60;0.93;0.05;0.02;29.0698;6.5;1700;Ss;
PAU_060;90;0.93;0.05;0.02;29.0698;7.0;1700;Ss;
PAU_061;30;0.93;0.05;0.02;174.4186;6.5;1700;Ss;394246
PAU_061;60;0.93;0.05;0.02;29.0698;6.5;1700;Ss;
PAU_061;90;0.93;0.05;0.02;29.0698;7.0;1700;Ss;
PAU_062;30;0.93;0.05;0.02;174.4186;6.5;1700;Ss;394246
PAU_062;60;0.93;0.05;0.02;29.0698;6.5;1700;Ss;
PAU_062;90;0.93;0.05;0.02;29.0698;7.0;1700;Ss;
PAU_063;30;0.93;0.05;0.02;174.4186;6.5;1700;Ss;394246
PAU_063;60;0.93;0.05;0.02;29.0698;6.5;1700;Ss;
PAU_063;90;0.93;0.05;0.02;29.0698;7.0;1700;Ss;
PAU_064;30;0.93;0.05;0.02;174.4186;6.5;1700;Ss;394246
PAU_064;60;0.93;0.05;0.02;29.0698;6.5;1700;Ss;
PAU_064;90;0.93;0.05;0.02;29.0698;7.0;1700;Ss;
PAU_065;30;0.93;0.05;0.02;174.4186;6.5;1700;Ss;394246
PAU_065;60;0.93;0.05;0.02;29.0698;6.5;1700;Ss;
PAU_065;90;0.93;0.05;0.02;29.0698;7.0;1700;Ss;
PAU_066;30;0.93;0.05;0.02;174.4186;6.5;1700;Ss;394246
PAU_066;60;0.93;0.05;0.02;29.0698;6.5;1700;Ss;
PAU_066;90;0.93;0.05;0.02;29.0698;7.0;1700;Ss;
PAU_067;30;0.93;0.05;0.02;174.4186;6.5;1700;Ss;394246
PAU_067;60;0.93;0.05;0.02;29.0698;6.5;1700;Ss;
PAU_067;90;0.93;0.05;0.02;29.0698;7.0;1700;Ss;
PAU_068;30;0.93;0.05;0.02;174.4186;6.5;1700;Ss;394246
PAU_068;60;0.93;0.05;0.02;29.0698;6.5;1700;Ss;
PAU_068;90;0.93;0.05;0.02;29.0698;7.0;1700;Ss;
PAU_069;30;0.93;0.05;0.02;9.18;6.5;1700;Ss;394246
PAU_069;60;0.93;0.05;0.02;5.13;6.5;1700;Ss;
PAU_069;90;0.93;0.05;0.02;1.64;7.0;1700;Ss;
PAU_070;30;0.93;0.05;0.02;34.34;6.5;1700;Ss;394250
PAU_070;60;0.93;0.05;0.02;16.44;6.5;1700;Ss;
PAU_070;90;0.93;0.05;0.02;3.98;6.5;1700;Ss;
PAU_071;30;0.93;0.05;0.02;15.26;6.5;1700;Ss;394246
PAU_071;60;0.93;0.05;0.02;6.87;6.5;1700;Ss;
PAU_071;90;0.93;0.05;0.02;2.08;7.0;1700;Ss;
PAU_072;30;0.93;0.05;0.02;30.85;6.5;1700;Ss;394246
PAU_072;60;0.93;0.05;0.02;16.05;6.5;1700;Ss;
PAU_072;90;0.93;0.05;0.02;14.29;7.0;1700;Ss;
PAU_073;30;0.93;0.05;0.02;37.04;6.5;1700;Ss;394246
PAU_073;60;0.93;0.05;0.02;37.47;6.5;1700;Ss;
PAU_073;90;0.93;0.05;0.02;31.3;7.0;1700;Ss;
PAU_074;30;0.93;0.05;0.02;10.83;6.5;1700;Ss;394246
PAU_074;60;0.93;0.05;0.02;3.19;6.5;1700;Ss;
PAU_074;90;0.93;0.05;0.02;1.15;7.0;1700;Ss;
PAU_075;30;0.93;0.05;0.02;29.29;6.5;1700;Ss;394246
PAU_075;60;0.93;0.05;0.02;4.64;6.5;1700;Ss;
PAU_075;90;0.93;0.05;0.02;1.32;7.0;1700;Ss;
PAU_076;30;0.93;0.05;0.02;9.32;6.5;1700;Ss;394246
PAU_076;60;0.93;0.05;0.02;1.75;6.5;1700;Ss;
PAU_076;90;0.93;0.05;0.02;2.23;7.0;1700;Ss;
PAU_077;30;0.93;0.05;0.02;37.39;6.5;1700;Ss;394246
PAU_077;60;0.93;0.05;0.02;41.95;6.5;1700;Ss;
PAU_077;90;0.93;0.05;0.02;42.21;7.0;1700;Ss;
PAU_078;30;0.93;0.05;0.02;38.48;6.5;1700;Ss;394246
PAU_078;60;0.93;0.05;0.02;37.39;6.5;1700;Ss;
PAU_078;90;0.93;0.05;0.02;8.96;7.0;1700;Ss;
PAU_079;30;0.93;0.05;0.02;15.59;6.5;1700;Ss;394246
PAU_079;60;0.93;0.05;0.02;23.89;6.5;1700;Ss;
PAU_079;90;0.93;0.05;0.02;19.37;7.0;1700;Ss;
PAU_080;30;0.93;0.05;0.02;22.16;6.5;1700;Ss;394246
PAU_080;60;0.93;0.05;0.02;3.29;6.5;1700;Ss;
PAU_080;90;0.93;0.05;0.02;1.16;7.0;1700;Ss;
PAU_081;30;0.93;0.05;0.02;19.93;6.5;1700;Ss;394246
PAU_081;60;0.93;0.05;0.02;2.81;6.5;1700;Ss;
PAU_081;90;0.93;0.05;0.02;1;7.0;1700;Ss;
PAU_082;30;0.93;0.05;0.02;36.25;6.5;1700;Ss;394246
PAU_082;60;0.93;0.05;0.02;26.64;6.5;1700;Ss;
PAU_082;90;0.93;0.05;0.02;18.16;7.0;1700;Ss;
PAU_083;30;0.93;0.05;0.02;40.33;6.5;1700;Ss;394246
PAU_083;60;0.93;0.05;0.02;42.92;6.5;1700;Ss;
PAU_083;90;0.93;0.05;0.02;42.31;7.0;1700;Ss;
PAU_084;30;0.93;0.05;0.02;41.52;6.5;1700;Ss;394246
PAU_084;60;0.93;0.05;0.02;45.08;6.5;1700;Ss;
PAU_084;90;0.93;0.05;0.02;44.06;7.0;1700;Ss;
PAU_085;30;0.93;0.05;0.02;41.82;6.5;1700;Ss;394246
PAU_085;60;0.93;0.05;0.02;44.94;6.5;1700;Ss;
PAU_085;90;0.93;0.05;0.02;44.47;7.0;1700;Ss;
PAU_086;30;0.93;0.05;0.02;40.23;6.5;1700;Ss;394246
PAU_086;60;0.93;0.05;0.02;40.27;6.5;1700;Ss;
PAU_086;90;0.93;0.05;0.02;35.96;7.0;1700;Ss;
PAU_087;30;0.93;0.05;0.02;40.85;6.5;1700;Ss;394246
PAU_087;60;0.93;0.05;0.02;44.27;6.5;1700;Ss;
PAU_087;90;0.93;0.05;0.02;42.94;7.0;1700;Ss;
PAU_088;30;0.93;0.05;0.02;39.42;6.5;1700;Ss;394246
PAU_088;60;0.93;0.05;0.02;38.71;6.5;1700;Ss;
PAU_088;90;0.93;0.05;0.02;12.32;7.0;1700;Ss;
PAU_089;30;0.93;0.05;0.02;25.69;6.5;1700;Ss;394246
PAU_089;60;0.93;0.05;0.02;9.61;6.5;1700;Ss;
PAU_089;90;0.93;0.05;0.02;6.71;7.0;1700;Ss;
PAU_090;30;0.93;0.05;0.02;15.04;6.5;1700;Ss;394246
PAU_090;60;0.93;0.05;0.02;7.5;6.5;1700;Ss;
PAU_090;90;0.93;0.05;0.02;2.3;7.0;1700;Ss;
PAU_091;30;0.93;0.05;0.02;18.05;6.5;1700;Ss;394246
PAU_091;60;0.93;0.05;0.02;9.99;6.5;1700;Ss;
PAU_091;90;0.93;0.05;0.02;4.39;7.0;1700;Ss;
PAU_092;30;0.93;0.05;0.02;37.82;6.5;1700;Ss;394246
PAU_092;60;0.93;0.05;0.02;32.75;6.5;1700;Ss;
PAU_092;90;0.93;0.05;0.02;25.17;7.0;1700;Ss;
PAU_093;30;0.93;0.05;0.02;14.39;6.5;1700;Ss;394246
PAU_093;60;0.93;0.05;0.02;3.87;6.5;1700;Ss;
PAU_093;90;0.93;0.05;0.02;2.04;7.0;1700;Ss;
PAU_094;30;0.93;0.05;0.02;174.4186;6.5;1700;Ss;394246
PAU_094;60;0.93;0.05;0.02;29.0698;6.5;1700;Ss;
PAU_094;90;0.93;0.05;0.02;29.0698;7.0;1700;Ss;
PAU_095;30;0.93;0.05;0.02;174.4186;6.5;1700;Ss;394246
PAU_095;60;0.93;0.05;0.02;29.0698;6.5;1700;Ss;
PAU_095;90;0.93;0.05;0.02;29.0698;7.0;1700;Ss;
PAU_096;30;0.93;0.05;0.02;21.57;6.5;1700;Ss;394246
PAU_096;60;0.93;0.05;0.02;25.3;6.5;1700;Ss;
PAU_096;90;0.93;0.05;0.02;15.29;7.0;1700;Ss;
PAU_097;30;0.93;0.05;0.02;36.68;6.5;1700;Ss;394246
PAU_097;60;0.93;0.05;0.02;7.97;6.5;1700;Ss;
PAU_097;90;0.93;0.05;0.02;10.19;7.0;1700;Ss;
PAU_098;30;0.93;0.05;0.02;31.79;6.5;1700;Ss;394246
PAU_098;60;0.93;0.05;0.02;11.98;6.5;1700;Ss;
PAU_098;90;0.93;0.05;0.02;3.24;7.0;1700;Ss;
PAU_099;30;0.93;0.05;0.02;39.08;6.5;1700;Ss;394246
PAU_099;60;0.93;0.05;0.02;36.77;6.5;1700;Ss;
PAU_099;90;0.93;0.05;0.02;22.46;7.0;1700;Ss;
PAU_100;30;0.93;0.05;0.02;34.67;6.5;1700;Ss;394250
PAU_100;60;0.93;0.05;0.02;20.75;6.5;1700;Ss;
PAU_100;90;0.93;0.05;0.02;5.47;6.5;1700;Ss;
PAU_101;30;0.93;0.05;0.02;174.4186;6.5;1700;Ss;394250
PAU_101;60;0.93;0.05;0.02;87.2093;6.5;1700;Ss;
PAU_101;90;0.93;0.05;0.02;29.0698;6.5;1700;Ss;
PAU_102;30;0.93;0.05;0.02;38.15;6.5;1700;Ss;394250
PAU_102;60;0.93;0.05;0.02;32.55;6.5;1700;Ss;
PAU_102;90;0.93;0.05;0.02;14.85;6.5;1700;Ss;
PAU_103;30;0.93;0.05;0.02;8.11;6.5;1700;Ss;394250
PAU_103;60;0.93;0.05;0.02;5.5;6.5;1700;Ss;
PAU_103;90;0.93;0.05;0.02;0.86;6.5;1700;Ss;
PAU_104;30;0.93;0.05;0.02;30.37;6.5;1700;Ss;394250
PAU_104;60;0.93;0.05;0.02;21.29;6.5;1700;Ss;
PAU_104;90;0.93;0.05;0.02;4.74;6.5;1700;Ss;
PAU_105;30;0.93;0.05;0.02;27.61;6.5;1700;Ss;394250
PAU_105;60;0.93;0.05;0.02;11.38;6.5;1700;Ss;
PAU_105;90;0.93;0.05;0.02;2.03;6.5;1700;Ss;
PAU_106;30;;;;;;;;
PAU_106;60;;;;;;;;
PAU_106;90;;;;;;;;
PAU_107;30;;;;;;;;
PAU_107;60;;;;;;;;
PAU_107;90;;;;;;;;
PAU_108;30;;;;39.06;;;;
PAU_108;60;;;;42.34;;;;
PAU_108;90;;;;38.28;;;;
PAU_109;30;;;;39.54;;;;
PAU_109;60;;;;37.51;;;;
PAU_109;90;;;;12.72;;;;
RBN_002;30;0.76;0.18;0.06;24.62;6.5;1700;Sl2;315009
RBN_002;60;0.76;0.18;0.06;27.57;5.75;1700;Sl2;
RBN_002;90;0.6;0.26;0.14;32.97;7.55;1900;Sl4;
RBN_019;30;0.76;0.18;0.06;25.94;6.5;1700;Sl2;315009
RBN_019;60;0.76;0.18;0.06;32.12;5.75;1700;Sl2;
RBN_019;90;0.6;0.26;0.14;36.96;7.55;1900;Sl4;
RBN_020;30;0.76;0.18;0.06;25.46;6.5;1700;Sl2;315009
RBN_020;60;0.76;0.18;0.06;21.38;5.75;1700;Sl2;
RBN_020;90;0.6;0.26;0.14;31.86;7.55;1900;Sl4;
RBN_021;30;0.76;0.18;0.06;20.79;6.5;1700;Sl2;315009
RBN_021;60;0.76;0.18;0.06;24.37;5.75;1700;Sl2;
RBN_021;90;0.6;0.26;0.14;29.43;7.55;1900;Sl4;
RBN_022;30;0.76;0.18;0.06;21.6;6.5;1700;Sl2;315009
RBN_022;60;0.76;0.18;0.06;25.97;5.75;1700;Sl2;
RBN_022;90;0.6;0.26;0.14;27.74;7.55;1900;Sl4;
RBN_023;30;0.76;0.18;0.06;16.81;6.5;1700;Sl2;315009
RBN_023;60;0.76;0.18;0.06;21.12;5.75;1700;Sl2;
RBN_023;90;0.6;0.26;0.14;15.51;7.55;1900;Sl4;
RBN_024;30;0.76;0.18;0.06;23.32;6.5;1700;Sl2;315009
RBN_024;60;0.76;0.18;0.06;31.18;5.75;1700;Sl2;
RBN_024;90;0.6;0.26;0.14;33.99;7.55;1900;Sl4;
RBN_025;30;0.76;0.18;0.06;17.24;6.5;1700;Sl2;315009
RBN_025;60;0.76;0.18;0.06;21.55;5.75;1700;Sl2;
RBN_025;90;0.6;0.26;0.14;29;7.55;1900;Sl4;
RBN_026;30;0.76;0.18;0.06;20.22;6.5;1700;Sl2;315009
RBN_026;60;0.76;0.18;0.06;24.73;5.75;1700;Sl2;
RBN_026;90;0.6;0.26;0.14;29.77;7.55;1900;Sl4;
RBN_027;30;0.76;0.18;0.06;21.56;6.5;1700;Sl2;315009
RBN_027;60;0.76;0.18;0.06;24.71;5.75;1700;Sl2;
RBN_027;90;0.6;0.26;0.14;30.63;7.55;1900;Sl4;
RBN_028;30;0.76;0.18;0.06;20.04;6.5;1700;Sl2;315009
RBN_028;60;0.76;0.18;0.06;25.96;5.75;1700;Sl2;
RBN_028;90;0.6;0.26;0.14;29.59;7.55;1900;Sl4;
RBN_029;30;0.76;0.18;0.06;20.46;6.5;1700;Sl2;315009
RBN_029;60;0.76;0.18;0.06;25.33;5.75;1700;Sl2;
RBN_029;90;0.6;0.26;0.14;26.92;7.55;1900;Sl4;
RBN_030;30;0.76;0.18;0.06;20.78;6.5;1700;Sl2;315009
RBN_030;60;0.76;0.18;0.06;26;5.75;1700;Sl2;
RBN_030;90;0.6;0.26;0.14;31.24;7.55;1900;Sl4;
RBN_031;30;0.76;0.18;0.06;22.81;6.5;1700;Sl2;315009
RBN_031;60;0.76;0.18;0.06;20.31;5.75;1700;Sl2;
RBN_031;90;0.6;0.26;0.14;23.63;7.55;1900;Sl4;
RBN_032;30;0.76;0.18;0.06;19.5;6.5;1700;Sl2;315009
RBN_032;60;0.76;0.18;0.06;22.75;5.75;1700;Sl2;
RBN_032;90;0.6;0.26;0.14;24.54;7.55;1900;Sl4;
RBN_033;30;0.76;0.18;0.06;20.84;6.5;1700;Sl2;315009
RBN_033;60;0.76;0.18;0.06;26.69;5.75;1700;Sl2;
RBN_033;90;0.6;0.26;0.14;27.33;7.55;1900;Sl4;
RBN_034;30;0.76;0.18;0.06;87.2093;6.5;1700;Sl2;315009
RBN_034;60;0.76;0.18;0.06;0.0;5.75;1700;Sl2;
RBN_034;90;0.6;0.26;0.14;0.0;7.55;1900;Sl4;
RBT_003;30;0.93;0.05;0.02;23.18;5.75;1700;Ss;315062
RBT_003;60;0.93;0.05;0.02;28.25;5.75;1700;Ss;
RBT_003;90;0.93;0.05;0.02;31.9;4.35;1900;Ss;
RBT_004;30;0.93;0.05;0.02;22.82;5.75;1700;Ss;315062
RBT_004;60;0.93;0.05;0.02;30.32;5.75;1700;Ss;
RBT_004;90;0.93;0.05;0.02;38.36;4.35;1900;Ss;
RBT_005;30;0.93;0.05;0.02;22.76;5.75;1700;Ss;315062
RBT_005;60;0.93;0.05;0.02;26.29;5.75;1700;Ss;
RBT_005;90;0.93;0.05;0.02;37.55;4.35;1900;Ss;
RBT_006;30;0.93;0.05;0.02;34.39;5.75;1700;Ss;315062
RBT_006;60;0.93;0.05;0.02;37.08;5.75;1700;Ss;
RBT_006;90;0.93;0.05;0.02;41.25;4.35;1900;Ss;
RBT_007;30;0.93;0.05;0.02;26.04;5.75;1700;Ss;315062
RBT_007;60;0.93;0.05;0.02;29.79;5.75;1700;Ss;
RBT_007;90;0.93;0.05;0.02;34.97;4.35;1900;Ss;
RBT_008;30;0.93;0.05;0.02;31.94;5.75;1700;Ss;315062
RBT_008;60;0.93;0.05;0.02;38.59;5.75;1700;Ss;
RBT_008;90;0.93;0.05;0.02;44.9;4.35;1900;Ss;
RBT_009;30;0.93;0.05;0.02;36;5.75;1700;Ss;315062
RBT_009;60;0.93;0.05;0.02;38.59;5.75;1700;Ss;
RBT_009;90;0.93;0.05;0.02;44.9;4.35;1900;Ss;
RBT_010;30;0.93;0.05;0.02;26.24;5.75;1700;Ss;315062
RBT_010;60;0.93;0.05;0.02;34.42;5.75;1700;Ss;
RBT_010;90;0.93;0.05;0.02;41.47;4.35;1900;Ss;
RBT_011;30;0.93;0.05;0.02;27.05;5.75;1700;Ss;315062
RBT_011;60;0.93;0.05;0.02;35.44;5.75;1700;Ss;
RBT_011;90;0.93;0.05;0.02;39.36;4.35;1900;Ss;
RBT_012;30;0.93;0.05;0.02;30.37;5.75;1700;Ss;315062
RBT_012;60;0.93;0.05;0.02;35.44;5.75;1700;Ss;
RBT_012;90;0.93;0.05;0.02;39.36;4.35;1900;Ss;
RBT_013;30;0.93;0.05;0.02;33.1;5.75;1700;Ss;315062
RBT_013;60;0.93;0.05;0.02;37.5;5.75;1700;Ss;
RBT_013;90;0.93;0.05;0.02;41.31;4.35;1900;Ss;
RBT_014;30;0.93;0.05;0.02;33.83;5.75;1700;Ss;315062
RBT_014;60;0.93;0.05;0.02;37.39;5.75;1700;Ss;
RBT_014;90;0.93;0.05;0.02;44.17;4.35;1900;Ss;
RBT_015;30;0.93;0.05;0.02;38.22;5.75;1700;Ss;315062
RBT_015;60;0.93;0.05;0.02;40.48;5.75;1700;Ss;
RBT_015;90;0.93;0.05;0.02;43.49;4.35;1900;Ss;
RBT_016;30;0.93;0.05;0.02;33.34;5.75;1700;Ss;315062
RBT_016;60;0.93;0.05;0.02;30.22;5.75;1700;Ss;
RBT_016;90;0.93;0.05;0.02;34.41;4.35;1900;Ss;
RBT_017;30;0.93;0.05;0.02;38.38;5.75;1700;Ss;315062
RBT_017;60;0.93;0.05;0.02;39.86;5.75;1700;Ss;
RBT_017;90;0.93;0.05;0.02;43.24;4.35;1900;Ss;
RBT_018;30;0.93;0.05;0.02;30.83;5.75;1700;Ss;315062
RBT_018;60;0.93;0.05;0.02;29.12;5.75;1700;Ss;
RBT_018;90;0.93;0.05;0.02;38.3;4.35;1900;Ss;
RBT_080;30;0.93;0.05;0.02;27.48;5.75;1700;Ss;315062
RBT_080;60;0.93;0.05;0.02;33.91;5.75;1700;Ss;
RBT_080;90;0.93;0.05;0.02;38.38;4.35;1900;Ss;
RBT_081;30;0.93;0.05;0.02;24.13;5.75;1700;Ss;315062
RBT_081;60;0.93;0.05;0.02;31.2;5.75;1700;Ss;
RBT_081;90;0.93;0.05;0.02;41.4;4.35;1900;Ss;
RBT_082;30;0.93;0.05;0.02;25.64;5.75;1700;Ss;315062
RBT_082;60;0.93;0.05;0.02;31.2;5.75;1700;Ss;
RBT_082;90;0.93;0.05;0.02;41.4;4.35;1900;Ss;
RBX_001;30;0.76;0.18;0.06;18.57;6.45;1700;Sl2;315009
RBX_001;60;0.76;0.18;0.06;25.21;5.75;1700;Sl2;
RBX_001;90;0.26;0.05;0.14;28.53;7.55;1900;Sl4;
RBX_035;30;0.76;0.18;0.06;87.2093;6.45;1700;Sl2;315009
RBX_035;60;0.76;0.18;0.06;87.2093;5.75;1700;Sl2;
RBX_035;90;0.26;0.05;0.14;0.0;7.55;1900;Sl4;
RBX_036;30;0.76;0.18;0.06;87.2093;6.45;1700;Sl2;315009
RBX_036;60;0.76;0.18;0.06;87.2093;5.75;1700;Sl2;
RBX_036;90;0.26;0.05;0.14;0.0;7.55;1900;Sl4;
RBX_037;30;0.76;0.18;0.06;87.2093;6.45;1700;Sl2;315009
RBX_037;60;0.76;0.18;0.06;87.2093;5.75;1700;Sl2;
RBX_037;90;0.26;0.05;0.14;0.0;7.55;1900;Sl4;
RBX_038;30;0.76;0.18;0.06;87.2093;6.45;1700;Sl2;315009
RBX_038;60;0.76;0.18;0.06;87.2093;5.75;1700;Sl2;
RBX_038;90;0.26;0.05;0.14;0.0;7.55;1900;Sl4;
RBX_039;30;0.76;0.18;0.06;87.2093;6.45;1700;Sl2;315009
RBX_039;60;0.76;0.18;0.06;87.2093;5.75;1700;Sl2;
RBX_039;90;0.26;0.05;0.14;0.0;7.55;1900;Sl4;
RBX_040;30;0.76;0.18;0.06;87.2093;6.45;1700;Sl2;315009
RBX_040;60;0.76;0.18;0.06;87.2093;5.75;1700;Sl2;
RBX_040;90;0.26;0.05;0.14;0.0;7.55;1900;Sl4;
RBX_041;30;0.76;0.18;0.06;87.2093;6.45;1700;Sl2;315009
RBX_041;60;0.76;0.18;0.06;87.2093;5.75;1700;Sl2;
RBX_041;90;0.26;0.05;0.14;0.0;7.55;1900;Sl4;
RBX_042;30;0.76;0.18;0.06;87.2093;6.45;1700;Sl2;315009
RBX_042;60;0.76;0.18;0.06;87.2093;5.75;1700;Sl2;
RBX_042;90;0.26;0.05;0.14;0.0;7.55;1900;Sl4;
RBX_043;30;0.76;0.18;0.06;87.2093;6.45;1700;Sl2;315009
RBX_043;60;0.76;0.18;0.06;87.2093;5.75;1700;Sl2;
RBX_043;90;0.26;0.05;0.14;0.0;7.55;1900;Sl4;
RBX_044;30;0.76;0.18;0.06;87.2093;6.45;1700;Sl2;315009
RBX_044;60;0.76;0.18;0.06;87.2093;5.75;1700;Sl2;
RBX_044;90;0.26;0.05;0.14;0.0;7.55;1900;Sl4;
RBX_045;30;0.76;0.18;0.06;87.2093;6.45;1700;Sl2;315009
RBX_045;60;0.76;0.18;0.06;87.2093;5.75;1700;Sl2;
RBX_045;90;0.26;0.05;0.14;0.0;7.55;1900;Sl4;
RBX_046;30;0.76;0.18;0.06;87.2093;6.45;1700;Sl2;315009
RBX_046;60;0.76;0.18;0.06;87.2093;5.75;1700;Sl2;
RBX_046;90;0.26;0.05;0.14;0.0;7.55;1900;Sl4;
RBX_047;30;0.93;0.05;0.02;87.2093;5.75;1700;Ss;315062
RBX_047;60;0.93;0.05;0.02;29.0698;5.75;1700;Ss;
RBX_047;90;0.93;0.05;0.02;29.0698;7.55;1900;Ss;
RBX_048;30;0.93;0.05;0.02;87.2093;5.75;1700;Ss;315062
RBX_048;60;0.93;0.05;0.02;29.0698;5.75;1700;Ss;
RBX_048;90;0.93;0.05;0.02;29.0698;7.55;1900;Ss;
RBX_049;30;0.93;0.05;0.02;87.2093;5.75;1700;Ss;315062
RBX_049;60;0.93;0.05;0.02;29.0698;5.75;1700;Ss;
RBX_049;90;0.93;0.05;0.02;29.0698;7.55;1900;Ss;
RBX_050;30;0.93;0.05;0.02;87.2093;5.75;1700;Ss;315062
RBX_050;60;0.93;0.05;0.02;29.0698;5.75;1700;Ss;
RBX_050;90;0.93;0.05;0.02;29.0698;7.55;1900;Ss;
RBX_051;30;0.93;0.05;0.02;87.2093;5.75;1700;Ss;315062
RBX_051;60;0.93;0.05;0.02;29.0698;5.75;1700;Ss;
RBX_051;90;0.93;0.05;0.02;29.0698;7.55;1900;Ss;
RBX_052;30;0.93;0.05;0.02;87.2093;5.75;1700;Ss;315062
RBX_052;60;0.93;0.05;0.02;29.0698;5.75;1700;Ss;
RBX_052;90;0.93;0.05;0.02;29.0698;7.55;1900;Ss;
RBX_053;30;0.93;0.05;0.02;87.2093;5.75;1700;Ss;315062
RBX_053;60;0.93;0.05;0.02;29.0698;5.75;1700;Ss;
RBX_053;90;0.93;0.05;0.02;29.0698;7.55;1900;Ss;
RBX_054;30;0.93;0.05;0.02;87.2093;5.75;1700;Ss;315062
RBX_054;60;0.93;0.05;0.02;29.0698;5.75;1700;Ss;
RBX_054;90;0.93;0.05;0.02;29.0698;7.55;1900;Ss;
RBX_055;30;0.93;0.05;0.02;87.2093;5.75;1700;Ss;315062
RBX_055;60;0.93;0.05;0.02;29.0698;5.75;1700;Ss;
RBX_055;90;0.93;0.05;0.02;29.0698;7.55;1900;Ss;
RBX_056;30;0.93;0.05;0.02;87.2093;5.75;1700;Ss;315062
RBX_056;60;0.93;0.05;0.02;29.0698;5.75;1700;Ss;
RBX_056;90;0.93;0.05;0.02;29.0698;7.55;1900;Ss;
RBX_057;30;0.93;0.05;0.02;87.2093;5.75;1700;Ss;315062
RBX_057;60;0.93;0.05;0.02;29.0698;5.75;1700;Ss;
RBX_057;90;0.93;0.05;0.02;29.0698;7.55;1900;Ss;
RBX_058;30;0.93;0.05;0.02;87.2093;5.75;1700;Ss;315062
RBX_058;60;0.93;0.05;0.02;29.0698;5.75;1700;Ss;
RBX_058;90;0.93;0.05;0.02;29.0698;7.55;1900;Ss;
RBX_059;30;0.93;0.05;0.02;87.2093;5.75;1700;Ss;315062
RBX_059;60;0.93;0.05;0.02;29.0698;5.75;1700;Ss;
RBX_059;90;0.93;0.05;0.02;29.0698;7.55;1900;Ss;
RBX_060;30;0.93;0.05;0.02;87.2093;5.75;1700;Ss;315062
RBX_060;60;0.93;0.05;0.02;29.0698;5.75;1700;Ss;
RBX_060;90;0.93;0.05;0.02;29.0698;7.55;1900;Ss;
RBX_061;30;0.93;0.05;0.02;87.2093;5.75;1700;Ss;315062
RBX_061;60;0.93;0.05;0.02;29.0698;5.75;1700;Ss;
RBX_061;90;0.93;0.05;0.02;29.0698;7.55;1900;Ss;
RBX_062;30;0.93;0.05;0.02;87.2093;5.75;1700;Ss;315062
RBX_062;60;0.93;0.05;0.02;29.0698;5.75;1700;Ss;
RBX_062;90;0.93;0.05;0.02;29.0698;7.55;1900;Ss;
RBX_063;30;0.93;0.05;0.02;87.2093;5.75;1700;Ss;315062
RBX_063;60;0.93;0.05;0.02;29.0698;5.75;1700;Ss;
RBX_063;90;0.93;0.05;0.02;29.0698;7.55;1900;Ss;
RBX_064;30;0.93;0.05;0.02;87.2093;5.75;1700;Ss;315062
RBX_064;60;0.93;0.05;0.02;29.0698;5.75;1700;Ss;
RBX_064;90;0.93;0.05;0.02;29.0698;7.55;1900;Ss;
RBX_065;30;0.93;0.05;0.02;87.2093;5.75;1700;Ss;315062
RBX_065;60;0.93;0.05;0.02;29.0698;5.75;1700;Ss;
RBX_065;90;0.93;0.05;0.02;29.0698;7.55;1900;Ss;
RBX_066;30;0.93;0.05;0.02;87.2093;5.75;1700;Ss;315062
RBX_066;60;0.93;0.05;0.02;29.0698;5.75;1700;Ss;
RBX_066;90;0.93;0.05;0.02;29.0698;7.55;1900;Ss;
RBX_067;30;0.93;0.05;0.02;87.2093;5.75;1700;Ss;315062
RBX_067;60;0.93;0.05;0.02;29.0698;5.75;1700;Ss;
RBX_067;90;0.93;0.05;0.02;29.0698;7.55;1900;Ss;
RBX_068;30;0.93;0.05;0.02;87.2093;5.75;1700;Ss;315062
RBX_068;60;0.93;0.05;0.02;29.0698;5.75;1700;Ss;
RBX_068;90;0.93;0.05;0.02;29.0698;7.55;1900;Ss;
RBX_069;30;0.93;0.05;0.02;87.2093;5.75;1700;Ss;315062
RBX_069;60;0.93;0.05;0.02;29.0698;5.75;1700;Ss;
RBX_069;90;0.93;0.05;0.02;29.0698;7.55;1900;Ss;
RBX_070;30;0.93;0.05;0.02;87.2093;5.75;1700;Ss;315062
RBX_070;60;0.93;0.05;0.02;29.0698;5.75;1700;Ss;
RBX_070;90;0.93;0.05;0.02;29.0698;7.55;1900;Ss;
RBX_071;30;0.93;0.05;0.02;87.2093;5.75;1700;Ss;315062
RBX_071;60;0.93;0.05;0.02;29.0698;5.75;1700;Ss;
RBX_071;90;0.93;0.05;0.02;29.0698;7.55;1900;Ss;
RBX_072;30;0.93;0.05;0.02;87.2093;5.75;1700;Ss;315062
RBX_072;60;0.93;0.05;0.02;29.0698;5.75;1700;Ss;
RBX_072;90;0.93;0.05;0.02;29.0698;7.55;1900;Ss;
RBX_073;30;0.93;0.05;0.02;87.2093;5.75;1700;Ss;315062
RBX_073;60;0.93;0.05;0.02;29.0698;5.75;1700;Ss;
RBX_073;90;0.93;0.05;0.02;29.0698;7.55;1900;Ss;
RBX_074;30;0.93;0.05;0.02;87.2093;5.75;1700;Ss;315062
RBX_074;60;0.93;0.05;0.02;29.0698;5.75;1700;Ss;
RBX_074;90;0.93;0.05;0.02;29.0698;7.55;1900;Ss;
RBX_075;30;0.93;0.05;0.02;87.2093;5.75;1700;Ss;315062
RBX_075;60;0.93;0.05;0.02;29.0698;5.75;1700;Ss;
RBX_075;90;0.93;0.05;0.02;29.0698;7.55;1900;Ss;
RBX_076;30;0.93;0.05;0.02;87.2093;5.75;1700;Ss;315062
RBX_076;60;0.93;0.05;0.02;29.0698;5.75;1700;Ss;
RBX_076;90;0.93;0.05;0.02;29.0698;7.55;1900;Ss;
RBX_077;30;0.93;0.05;0.02;87.2093;5.75;1700;Ss;315062
RBX_077;60;0.93;0.05;0.02;29.0698;5.75;1700;Ss;
RBX_077;90;0.93;0.05;0.02;29.0698;7.55;1900;Ss;
RBX_078;30;0.93;0.05;0.02;87.2093;5.75;1700;Ss;315062
RBX_078;60;0.93;0.05;0.02;29.0698;5.75;1700;Ss;
RBX_078;90;0.93;0.05;0.02;29.0698;7.55;1900;Ss;
RBX_079;30;0.93;0.05;0.02;87.2093;5.75;1700;Ss;315062
RBX_079;60;0.93;0.05;0.02;29.0698;5.75;1700;Ss;
RBX_079;90;0.93;0.05;0.02;29.0698;7.55;1900;Ss;
RLA_018;30;0.93;0.05;0.02;24.56;6.45;1700;Ss;314294
RLA_018;60;0.93;0.05;0.02;5.66;6.45;1700;Ss;
RLA_018;90;0.93;0.05;0.02;1.11;6.45;1700;Ss;
RLA_019;30;0.93;0.05;0.02;24.79;6.45;1700;Ss;314294
RLA_019;60;0.93;0.05;0.02;7.6;6.45;1700;Ss;
RLA_019;90;0.93;0.05;0.02;0.72;6.45;1700;Ss;
RLA_020;30;0.93;0.05;0.02;35.27;6.45;1700;Ss;314294
RLA_020;60;0.93;0.05;0.02;10.75;6.45;1700;Ss;
RLA_020;90;0.93;0.05;0.02;2.54;6.45;1700;Ss;
RLA_022;30;0.93;0.05;0.02;30.06;6.45;1700;Ss;314294
RLA_022;60;0.93;0.05;0.02;9.96;6.45;1700;Ss;
RLA_022;90;0.93;0.05;0.02;2.68;6.45;1700;Ss;
RLA_023;30;0.93;0.05;0.02;39.98;6.45;1700;Ss;314294
RLA_023;60;0.93;0.05;0.02;24.42;6.45;1700;Ss;
RLA_023;90;0.93;0.05;0.02;1.99;6.45;1700;Ss;
RLA_024;30;0.93;0.05;0.02;38.35;6.45;1700;Ss;314294
RLA_024;60;0.93;0.05;0.02;35.52;6.45;1700;Ss;
RLA_024;90;0.93;0.05;0.02;4.61;6.45;1700;Ss;
RLA_025;30;0.93;0.05;0.02;35.23;6.45;1700;Ss;314294
RLA_025;60;0.93;0.05;0.02;21.8;6.45;1700;Ss;
RLA_025;90;0.93;0.05;0.02;7.07;6.45;1700;Ss;
RLA_026;30;0.93;0.05;0.02;33.63;6.45;1700;Ss;314294
RLA_026;60;0.93;0.05;0.02;14.77;6.45;1700;Ss;
RLA_026;90;0.93;0.05;0.02;4.74;6.45;1700;Ss;
RLA_027;30;0.93;0.05;0.02;22.69;6.45;1700;Ss;314294
RLA_027;60;0.93;0.05;0.02;16.08;6.45;1700;Ss;
RLA_027;90;0.93;0.05;0.02;19.75;6.45;1700;Ss;
RLA_028;30;0.93;0.05;0.02;19.78;6.45;1700;Ss;314294
RLA_028;60;0.93;0.05;0.02;2.69;6.45;1700;Ss;
RLA_028;90;0.93;0.05;0.02;1.62;6.45;1700;Ss;
RLA_056;30;0.93;0.05;0.02;29.0698;6.45;1700;Ss;314294
RLA_056;60;0.93;0.05;0.02;29.0698;6.45;1700;Ss;
RLA_056;90;0.93;0.05;0.02;29.0698;6.45;1700;Ss;
RLA_057;30;0.93;0.05;0.02;29.0698;6.45;1700;Ss;314294
RLA_057;60;0.93;0.05;0.02;29.0698;6.45;1700;Ss;
RLA_057;90;0.93;0.05;0.02;29.0698;6.45;1700;Ss;
RLA_058;30;0.93;0.05;0.02;29.0698;6.45;1700;Ss;314294
RLA_058;60;0.93;0.05;0.02;29.0698;6.45;1700;Ss;
RLA_058;90;0.93;0.05;0.02;29.0698;6.45;1700;Ss;
RLA_059;30;0.93;0.05;0.02;29.0698;6.45;1700;Ss;314294
RLA_059;60;0.93;0.05;0.02;29.0698;6.45;1700;Ss;
RLA_059;90;0.93;0.05;0.02;29.0698;6.45;1700;Ss;
RLB_001;30;0.93;0.05;0.02;22.78;6.45;1700;Ss;314294
RLB_001;60;0.93;0.05;0.02;20.08;6.45;1700;Ss;
RLB_001;90;0.93;0.05;0.02;3.14;6.45;1700;Ss;
RLB_002;30;0.93;0.05;0.02;39.71;6.45;1700;Ss;314294
RLB_002;60;0.93;0.05;0.02;27.6;6.45;1700;Ss;
RLB_002;90;0.93;0.05;0.02;0.7;6.45;1700;Ss;
RLB_003;30;0.93;0.05;0.02;34.25;6.45;1700;Ss;314294
RLB_003;60;0.93;0.05;0.02;5.51;6.45;1700;Ss;
RLB_003;90;0.93;0.05;0.02;0.7;6.45;1700;Ss;
RLB_004;30;0.93;0.05;0.02;38.69;6.45;1700;Ss;314294
RLB_004;60;0.93;0.05;0.02;8.2;6.45;1700;Ss;
RLB_004;90;0.93;0.05;0.02;2.15;6.45;1700;Ss;
RLB_005;30;0.93;0.05;0.02;41.42;6.45;1700;Ss;314294
RLB_005;60;0.93;0.05;0.02;35.44;6.45;1700;Ss;
RLB_005;90;0.93;0.05;0.02;25.29;6.45;1700;Ss;
RLB_006;30;0.93;0.05;0.02;35.73;6.45;1700;Ss;314294
RLB_006;60;0.93;0.05;0.02;13.92;6.45;1700;Ss;
RLB_006;90;0.93;0.05;0.02;3.23;6.45;1700;Ss;
RLB_007;30;0.93;0.05;0.02;34.32;6.45;1700;Ss;314294
RLB_007;60;0.93;0.05;0.02;8.16;6.45;1700;Ss;
RLB_007;90;0.93;0.05;0.02;0.4;6.45;1700;Ss;
RLB_008;30;0.93;0.05;0.02;29.06;6.45;1700;Ss;314294
RLB_008;60;0.93;0.05;0.02;4.04;6.45;1700;Ss;
RLB_008;90;0.93;0.05;0.02;1.35;6.45;1700;Ss;
RLB_009;30;0.93;0.05;0.02;12.42;6.45;1700;Ss;314294
RLB_009;60;0.93;0.05;0.02;2.17;6.45;1700;Ss;
RLB_009;90;0.93;0.05;0.02;0.28;6.45;1700;Ss;
RLB_010;30;0.93;0.05;0.02;13.36;6.45;1700;Ss;314294
RLB_010;60;0.93;0.05;0.02;6.66;6.45;1700;Ss;
RLB_010;90;0.93;0.05;0.02;1.63;6.45;1700;Ss;
RLB_011;30;0.93;0.05;0.02;20.24;6.45;1700;Ss;314294
RLB_011;60;0.93;0.05;0.02;9.07;6.45;1700;Ss;
RLB_011;90;0.93;0.05;0.02;2.8;6.45;1700;Ss;
RLB_012;30;0.93;0.05;0.02;39.47;6.45;1700;Ss;314294
RLB_012;60;0.93;0.05;0.02;14.3;6.45;1700;Ss;
RLB_012;90;0.93;0.05;0.02;1.21;6.45;1700;Ss;
RLB_013;30;0.93;0.05;0.02;34.4;6.45;1700;Ss;314294
RLB_013;60;0.93;0.05;0.02;4.33;6.45;1700;Ss;
RLB_013;90;0.93;0.05;0.02;0.55;6.45;1700;Ss;
RLB_014;30;0.93;0.05;0.02;36.93;6.45;1700;Ss;314294
RLB_014;60;0.93;0.05;0.02;4.45;6.45;1700;Ss;
RLB_014;90;0.93;0.05;0.02;0.81;6.45;1700;Ss;
RLB_015;30;0.93;0.05;0.02;42.12;6.45;1700;Ss;314294
RLB_015;60;0.93;0.05;0.02;42.55;6.45;1700;Ss;
RLB_015;90;0.93;0.05;0.02;12.04;6.45;1700;Ss;
RLB_016;30;0.93;0.05;0.02;42.81;6.45;1700;Ss;314294
RLB_016;60;0.93;0.05;0.02;39.08;6.45;1700;Ss;
RLB_016;90;0.93;0.05;0.02;34.99;6.45;1700;Ss;
RLB_017;30;0.93;0.05;0.02;40.37;6.45;1700;Ss;314294
RLB_017;60;0.93;0.05;0.02;20.31;6.45;1700;Ss;
RLB_017;90;0.93;0.05;0.02;2.18;6.45;1700;Ss;
RLB_029;30;0.93;0.05;0.02;14.5;6.45;1700;Ss;314294
RLB_029;60;0.93;0.05;0.02;3.82;6.45;1700;Ss;
RLB_029;90;0.93;0.05;0.02;1.41;6.45;1700;Ss;
RLB_030;30;0.93;0.05;0.02;19.6;6.45;1700;Ss;314294
RLB_030;60;0.93;0.05;0.02;4.7;6.45;1700;Ss;
RLB_030;90;0.93;0.05;0.02;1.14;6.45;1700;Ss;
RLB_031;30;0.93;0.05;0.02;10.48;6.45;1700;Ss;314294
RLB_031;60;0.93;0.05;0.02;3.43;6.45;1700;Ss;
RLB_031;90;0.93;0.05;0.02;1.4;6.45;1700;Ss;
RLB_032;30;0.93;0.05;0.02;25.39;6.45;1700;Ss;314294
RLB_032;60;0.93;0.05;0.02;22.28;6.45;1700;Ss;
RLB_032;90;0.93;0.05;0.02;3.14;6.45;1700;Ss;
RLB_033;30;0.93;0.05;0.02;32.96;6.45;1700;Ss;314294
RLB_033;60;0.93;0.05;0.02;35.26;6.45;1700;Ss;
RLB_033;90;0.93;0.05;0.02;15.66;6.45;1700;Ss;
RLB_034;30;0.93;0.05;0.02;11.64;6.45;1700;Ss;314294
RLB_034;60;0.93;0.05;0.02;2.92;6.45;1700;Ss;
RLB_034;90;0.93;0.05;0.02;0.9;6.45;1700;Ss;
RLB_035;30;0.93;0.05;0.02;38.43;6.45;1700;Ss;314294
RLB_035;60;0.93;0.05;0.02;8.55;6.45;1700;Ss;
RLB_035;90;0.93;0.05;0.02;2.11;6.45;1700;Ss;
RLB_036;30;0.93;0.05;0.02;36.39;6.45;1700;Ss;314294
RLB_036;60;0.93;0.05;0.02;18.79;6.45;1700;Ss;
RLB_036;90;0.93;0.05;0.02;3.06;6.45;1700;Ss;
RLX_038;30;0.93;0.05;0.02;29.0698;6.45;1700;Ss;394252
RLX_038;60;0.93;0.05;0.02;29.0698;6.45;1700;Ss;
RLX_038;90;0.93;0.05;0.02;29.0698;6.45;1700;Ss;
RLX_039;30;0.93;0.05;0.02;29.0698;6.45;1700;Ss;394252
RLX_039;60;0.93;0.05;0.02;29.0698;6.45;1700;Ss;
RLX_039;90;0.93;0.05;0.02;29.0698;6.45;1700;Ss;
RLX_040;30;0.93;0.05;0.02;29.0698;6.45;1700;Ss;394252
RLX_040;60;0.93;0.05;0.02;29.0698;6.45;1700;Ss;
RLX_040;90;0.93;0.05;0.02;29.0698;6.45;1700;Ss;
RLX_041;30;0.93;0.05;0.02;29.0698;6.45;1700;Ss;394252
RLX_041;60;0.93;0.05;0.02;29.0698;6.45;1700;Ss;
RLX_041;90;0.93;0.05;0.02;29.0698;6.45;1700;Ss;
RLX_042;30;0.93;0.05;0.02;29.0698;6.45;1700;Ss;314294
RLX_042;60;0.93;0.05;0.02;29.0698;6.45;1700;Ss;
RLX_042;90;0.93;0.05;0.02;29.0698;6.45;1700;Ss;
RLX_043;30;0.93;0.05;0.02;29.0698;6.45;1700;Ss;314294
RLX_043;60;0.93;0.05;0.02;29.0698;6.45;1700;Ss;
RLX_043;90;0.93;0.05;0.02;29.0698;6.45;1700;Ss;
RLX_044;30;0.93;0.05;0.02;29.0698;6.45;1700;Ss;314294
RLX_044;60;0.93;0.05;0.02;29.0698;6.45;1700;Ss;
RLX_044;90;0.93;0.05;0.02;29.0698;6.45;1700;Ss;
RLX_045;30;0.93;0.05;0.02;29.0698;6.45;1700;Ss;314294
RLX_045;60;0.93;0.05;0.02;29.0698;6.45;1700;Ss;
RLX_045;90;0.93;0.05;0.02;29.0698;6.45;1700;Ss;
RLX_046;30;0.93;0.05;0.02;29.0698;6.45;1700;Ss;394252
RLX_046;60;0.93;0.05;0.02;29.0698;6.45;1700;Ss;
RLX_046;90;0.93;0.05;0.02;29.0698;6.45;1700;Ss;
RLX_047;30;0.93;0.05;0.02;29.0698;6.45;1700;Ss;314294
RLX_047;60;0.93;0.05;0.02;29.0698;6.45;1700;Ss;
RLX_047;90;0.93;0.05;0.02;29.0698;6.45;1700;Ss;
RLX_048;30;0.93;0.05;0.02;29.0698;6.45;1700;Ss;314294
RLX_048;60;0.93;0.05;0.02;29.0698;6.45;1700;Ss;
RLX_048;90;0.93;0.05;0.02;29.0698;6.45;1700;Ss;
RLX_049;30;0.93;0.05;0.02;29.0698;6.45;1700;Ss;314294
RLX_049;60;0.93;0.05;0.02;29.0698;6.45;1700;Ss;
RLX_049;90;0.93;0.05;0.02;29.0698;6.45;1700;Ss;
RLX_050;30;0.93;0.05;0.02;29.0698;6.45;1700;Ss;314294
RLX_050;60;0.93;0.05;0.02;29.0698;6.45;1700;Ss;
RLX_050;90;0.93;0.05;0.02;29.0698;6.45;1700;Ss;
RLX_051;30;0.93;0.05;0.02;29.0698;6.45;1700;Ss;314294
RLX_051;60;0.93;0.05;0.02;29.0698;6.45;1700;Ss;
RLX_051;90;0.93;0.05;0.02;29.0698;6.45;1700;Ss;
RLX_052;30;0.93;0.05;0.02;29.0698;6.45;1700;Ss;314294
RLX_052;60;0.93;0.05;0.02;29.0698;6.45;1700;Ss;
RLX_052;90;0.93;0.05;0.02;29.0698;6.45;1700;Ss;
RLX_053;30;0.93;0.05;0.02;29.0698;6.45;1700;Ss;314294
RLX_053;60;0.93;0.05;0.02;29.0698;6.45;1700;Ss;
RLX_053;90;0.93;0.05;0.02;29.0698;6.45;1700;Ss;
RLX_054;30;0.93;0.05;0.02;29.0698;6.45;1700;Ss;314294
RLX_054;60;0.93;0.05;0.02;29.0698;6.45;1700;Ss;
RLX_054;90;0.93;0.05;0.02;29.0698;6.45;1700;Ss;
RLX_055;30;0.93;0.05;0.02;29.0698;6.45;1700;Ss;314294
RLX_055;60;0.93;0.05;0.02;29.0698;6.45;1700;Ss;
RLX_055;90;0.93;0.05;0.02;29.0698;6.45;1700;Ss;
SAN_001;30;0.86;0.12;0.02;39.8;;1500;fSms;234241
SAN_001;60;0.86;0.12;0.02;41.53;;1700;fSms;
SAN_001;90;0.76;0.18;0.06;41.76;;1700;Sl2;
SAN_002;30;0.86;0.12;0.02;40.44;;1500;fSms;234241
SAN_002;60;0.86;0.12;0.02;41.44;;1700;fSms;
SAN_002;90;0.76;0.18;0.06;42.46;;1700;Sl2;
SAN_003;30;0.86;0.12;0.02;39.75;;1500;fSms;234241
SAN_003;60;0.86;0.12;0.02;42.05;;1700;fSms;
SAN_003;90;0.76;0.18;0.06;40.67;;1700;Sl2;
SAN_004;30;0.86;0.12;0.02;40.59;;1500;fSms;234241
SAN_004;60;0.86;0.12;0.02;43.09;;1700;fSms;
SAN_004;90;0.76;0.18;0.06;42.4;;1700;Sl2;
SAN_005;30;0.86;0.12;0.02;40;;1500;fSms;234241
SAN_005;60;0.86;0.12;0.02;42.72;;1700;fSms;
SAN_005;90;0.76;0.18;0.06;41.87;;1700;Sl2;
SAN_006;30;0.86;0.12;0.02;41.8;;1500;fSms;234241
SAN_006;60;0.86;0.12;0.02;43.41;;1700;fSms;
SAN_006;90;0.76;0.18;0.06;43;;1700;Sl2;
SAN_007;30;0.86;0.12;0.02;41.15;;1500;fSms;234241
SAN_007;60;0.86;0.12;0.02;44.09;;1700;fSms;
SAN_007;90;0.76;0.18;0.06;43.18;;1700;Sl2;
SAN_008;30;0.86;0.12;0.02;38.87;;1500;fSms;234241
SAN_008;60;0.86;0.12;0.02;43.39;;1700;fSms;
SAN_008;90;0.76;0.18;0.06;42;;1700;Sl2;
SAN_009;30;0.86;0.12;0.02;40.45;;1500;fSms;234241
SAN_009;60;0.86;0.12;0.02;43.26;;1700;fSms;
SAN_009;90;0.76;0.18;0.06;41.82;;1700;Sl2;
SAN_010;30;0.86;0.12;0.02;39.94;;1500;fSms;234241
SAN_010;60;0.86;0.12;0.02;41.65;;1700;fSms;
SAN_010;90;0.76;0.18;0.06;43.55;;1700;Sl2;
SWK_009;30;0.93;0.05;0.02;33.55;;1500;Ss;474209
SWK_009;60;0.93;0.05;0.02;21.66;;1700;Ss;
SWK_009;90;0.93;0.05;0.02;13.42;;1700;Ss;
SWK_010;30;0.93;0.05;0.02;7.66;;1500;Ss;474209
SWK_010;60;0.93;0.05;0.02;3.27;;1700;Ss;
SWK_010;90;0.93;0.05;0.02;2.55;;1700;Ss;
SWK_011;30;0.93;0.05;0.02;26.29;;1500;Ss;474209
SWK_011;60;0.93;0.05;0.02;19.17;;1700;Ss;
SWK_011;90;0.93;0.05;0.02;25.88;;1700;Ss;
SWK_012;30;0.93;0.05;0.02;32.22;;1500;Ss;474209
SWK_012;60;0.93;0.05;0.02;26;;1700;Ss;
SWK_012;90;0.93;0.05;0.02;3.99;;1700;Ss;
SWK_013;30;0.93;0.05;0.02;8.47;;1500;Ss;474209
SWK_013;60;0.93;0.05;0.02;6.09;;1700;Ss;
SWK_013;90;0.93;0.05;0.02;7.7;;1700;Ss;
SWK_014;30;0.93;0.05;0.02;9.6;;1500;Ss;474209
SWK_014;60;0.93;0.05;0.02;3.46;;1700;Ss;
SWK_014;90;0.93;0.05;0.02;7.84;;1700;Ss;
SWK_015;30;0.93;0.05;0.02;36.24;;1500;Ss;474209
SWK_015;60;0.93;0.05;0.02;35.46;;1700;Ss;
SWK_015;90;0.93;0.05;0.02;29.51;;1700;Ss;
SWK_016;30;0.93;0.05;0.02;30.56;;1500;Ss;474209
SWK_016;60;0.93;0.05;0.02;20.45;;1700;Ss;
SWK_016;90;0.93;0.05;0.02;20.83;;1700;Ss;
SWK_017;30;0.93;0.05;0.02;32.85;;1500;Ss;474209
SWK_017;60;0.93;0.05;0.02;28.33;;1700;Ss;
SWK_017;90;0.93;0.05;0.02;31.36;;1700;Ss;
SWK_018;30;0.93;0.05;0.02;34.13;;1500;Ss;474209
SWK_018;60;0.93;0.05;0.02;22.93;;1700;Ss;
SWK_018;90;0.93;0.05;0.02;28.68;;1700;Ss;
SWK_019;30;0.93;0.05;0.02;33.01;;1500;Ss;474209
SWK_019;60;0.93;0.05;0.02;14.28;;1700;Ss;
SWK_019;90;0.93;0.05;0.02;20.51;;1700;Ss;
SWK_020;30;0.86;0.12;0.02;28.32;5.75;1700;fSms;474213
SWK_020;60;0.86;0.12;0.02;32.28;5.75;1700;fSms;
SWK_020;90;0.86;0.12;0.02;13.53;5.75;1700;fSms;
SWK_021;30;0.86;0.12;0.02;34.62;5.75;1700;fSms;474213
SWK_021;60;0.86;0.12;0.02;37.47;5.75;1700;fSms;
SWK_021;90;0.86;0.12;0.02;31.1;5.75;1700;fSms;
SWK_022;30;0.93;0.05;0.02;34.81;;1500;Ss;474209
SWK_022;60;0.93;0.05;0.02;36.02;;1700;Ss;
SWK_022;90;0.93;0.05;0.02;30.9;;1700;Ss;
SWK_023;30;0.86;0.12;0.02;32.01;5.75;1700;fSms;474213
SWK_023;60;0.86;0.12;0.02;19.1;5.75;1700;fSms;
SWK_023;90;0.86;0.12;0.02;9.45;5.75;1700;fSms;
SWK_024;30;0.93;0.05;0.02;9.78;;1500;Ss;474209
SWK_024;60;0.93;0.05;0.02;1.64;;1700;Ss;
SWK_024;90;0.93;0.05;0.02;12.53;;1700;Ss;
SWK_025;30;0.93;0.05;0.02;35.42;;1500;Ss;474209
SWK_025;60;0.93;0.05;0.02;31.84;;1700;Ss;
SWK_025;90;0.93;0.05;0.02;35.55;;1700;Ss;
SWK_026;30;0.93;0.05;0.02;9.03;;1500;Ss;474209
SWK_026;60;0.93;0.05;0.02;5.95;;1700;Ss;
SWK_026;90;0.93;0.05;0.02;9.13;;1700;Ss;
SWK_027;30;0.93;0.05;0.02;5.7;;1500;Ss;474209
SWK_027;60;0.93;0.05;0.02;3.69;;1700;Ss;
SWK_027;90;0.93;0.05;0.02;29.2;;1700;Ss;
SWK_028;30;0.93;0.05;0.02;31.76;;1500;Ss;474209
SWK_028;60;0.93;0.05;0.02;29.56;;1700;Ss;
SWK_028;90;0.93;0.05;0.02;22.05;;1700;Ss;
SWK_029;30;0.86;0.12;0.02;31.8;5.75;1700;fSms;474213
SWK_029;60;0.86;0.12;0.02;32.48;5.75;1700;fSms;
SWK_029;90;0.86;0.12;0.02;19.21;5.75;1700;fSms;
SWK_030;30;0.86;0.12;0.02;24.84;5.75;1700;fSms;474213
SWK_030;60;0.86;0.12;0.02;18.49;5.75;1700;fSms;
SWK_030;90;0.86;0.12;0.02;15.82;5.75;1700;fSms;
SWK_031;30;0.86;0.12;0.02;32.76;5.75;1700;fSms;474213
SWK_031;60;0.86;0.12;0.02;17.72;5.75;1700;fSms;
SWK_031;90;0.86;0.12;0.02;12.69;5.75;1700;fSms;
SWK_032;30;0.93;0.05;0.02;34.43;;1500;Ss;474209
SWK_032;60;0.93;0.05;0.02;38.12;;1700;Ss;
SWK_032;90;0.93;0.05;0.02;39.93;;1700;Ss;
SWK_033;30;0.93;0.05;0.02;23.85;;1500;Ss;474209
SWK_033;60;0.93;0.05;0.02;21.74;;1700;Ss;
SWK_033;90;0.93;0.05;0.02;22.04;;1700;Ss;
SWK_046;30;0.93;0.05;0.02;0.0;;1500;Ss;474209
SWK_046;60;0.93;0.05;0.02;0.0;;1700;Ss;
SWK_046;90;0.93;0.05;0.02;0.0;;1700;Ss;
SWK_047;30;0.93;0.05;0.02;0.0;;1500;Ss;474209
SWK_047;60;0.93;0.05;0.02;0.0;;1700;Ss;
SWK_047;90;0.93;0.05;0.02;0.0;;1700;Ss;
SWK_048;30;0.93;0.05;0.02;0.0;;1500;Ss;474209
SWK_048;60;0.93;0.05;0.02;0.0;;1700;Ss;
SWK_048;90;0.93;0.05;0.02;0.0;;1700;Ss;
SWK_049;30;0.93;0.05;0.02;0.0;;1500;Ss;474209
SWK_049;60;0.93;0.05;0.02;0.0;;1700;Ss;
SWK_049;90;0.93;0.05;0.02;0.0;;1700;Ss;
SWK_050;30;0.93;0.05;0.02;0.0;;1500;Ss;474209
SWK_050;60;0.93;0.05;0.02;0.0;;1700;Ss;
SWK_050;90;0.93;0.05;0.02;0.0;;1700;Ss;
SWK_051;30;0.86;0.12;0.02;0.0;5.75;1700;fSms;474213
SWK_051;60;0.86;0.12;0.02;0.0;5.75;1700;fSms;
SWK_051;90;0.86;0.12;0.02;0.0;5.75;1700;fSms;
SWK_052;30;0.86;0.12;0.02;0.0;5.75;1700;fSms;474213
SWK_052;60;0.86;0.12;0.02;0.0;5.75;1700;fSms;
SWK_052;90;0.86;0.12;0.02;0.0;5.75;1700;fSms;
SWK_053;30;0.86;0.12;0.02;0.0;5.75;1700;fSms;474213
SWK_053;60;0.86;0.12;0.02;0.0;5.75;1700;fSms;
SWK_053;90;0.86;0.12;0.02;0.0;5.75;1700;fSms;
SWS_001;30;0.86;0.12;0.02;33.85;5.75;1700;fSms;475010
SWS_001;60;0.86;0.12;0.02;33.21;5.75;1700;fSms;
SWS_001;90;0.86;0.12;0.02;38.72;5.75;1700;fSms;
SWS_002;30;0.86;0.12;0.02;30.48;5.75;1700;fSms;475010
SWS_002;60;0.86;0.12;0.02;33.32;5.75;1700;fSms;
SWS_002;90;0.86;0.12;0.02;35.06;5.75;1700;fSms;
SWS_003;30;0.86;0.12;0.02;32.88;5.75;1700;fSms;475010
SWS_003;60;0.86;0.12;0.02;34.48;5.75;1700;fSms;
SWS_003;90;0.86;0.12;0.02;36.91;5.75;1700;fSms;
SWS_004;30;0.86;0.12;0.02;29.3;5.75;1700;fSms;475010
SWS_004;60;0.86;0.12;0.02;32.89;5.75;1700;fSms;
SWS_004;90;0.86;0.12;0.02;37.26;5.75;1700;fSms;
SWS_005;30;0.86;0.12;0.02;30.6;5.75;1700;fSms;475010
SWS_005;60;0.86;0.12;0.02;37.36;5.75;1700;fSms;
SWS_005;90;0.86;0.12;0.02;38.5;5.75;1700;fSms;
SWS_006;30;0.86;0.12;0.02;37.76;5.75;1700;fSms;475010
SWS_006;60;0.86;0.12;0.02;36.09;5.75;1700;fSms;
SWS_006;90;0.86;0.12;0.02;28.5;5.75;1700;fSms;
SWS_007;30;0.86;0.12;0.02;37.39;5.75;1700;fSms;475010
SWS_007;60;0.86;0.12;0.02;34.73;5.75;1700;fSms;
SWS_007;90;0.86;0.12;0.02;28.59;5.75;1700;fSms;
SWS_008;30;0.86;0.12;0.02;31.06;5.75;1700;fSms;475010
SWS_008;60;0.86;0.12;0.02;37.46;5.75;1700;fSms;
SWS_008;90;0.86;0.12;0.02;35.56;5.75;1700;fSms;
SWS_034;30;0.86;0.12;0.02;31.51;5.75;1700;fSms;475010
SWS_034;60;0.86;0.12;0.02;35.45;5.75;1700;fSms;
SWS_034;90;0.86;0.12;0.02;37.51;5.75;1700;fSms;
SWS_035;30;0.86;0.12;0.02;26.46;5.75;1700;fSms;475010
SWS_035;60;0.86;0.12;0.02;29.09;5.75;1700;fSms;
SWS_035;90;0.86;0.12;0.02;32.02;5.75;1700;fSms;
SWS_036;30;0.86;0.12;0.02;31.9;5.75;1700;fSms;475010
SWS_036;60;0.86;0.12;0.02;35.07;5.75;1700;fSms;
SWS_036;90;0.86;0.12;0.02;32.74;5.75;1700;fSms;
SWS_037;30;0.86;0.12;0.02;29.51;5.75;1700;fSms;475010
SWS_037;60;0.86;0.12;0.02;37.89;5.75;1700;fSms;
SWS_037;90;0.86;0.12;0.02;38.44;5.75;1700;fSms;
SWS_038;30;0.86;0.12;0.02;32.22;5.75;1700;fSms;475010
SWS_038;60;0.86;0.12;0.02;37.94;5.75;1700;fSms;
SWS_038;90;0.86;0.12;0.02;37.6;5.75;1700;fSms;
SWS_039;30;0.86;0.12;0.02;35.07;5.75;1700;fSms;475010
SWS_039;60;0.86;0.12;0.02;39.16;5.75;1700;fSms;
SWS_039;90;0.86;0.12;0.02;35.66;5.75;1700;fSms;
SWS_040;30;0.86;0.12;0.02;32.99;5.75;1700;fSms;475010
SWS_040;60;0.86;0.12;0.02;37.38;5.75;1700;fSms;
SWS_040;90;0.86;0.12;0.02;36.13;5.75;1700;fSms;
SWS_041;30;0.86;0.12;0.02;29.82;5.75;1700;fSms;475010
SWS_041;60;0.86;0.12;0.02;36.96;5.75;1700;fSms;
SWS_041;90;0.86;0.12;0.02;39.63;5.75;1700;fSms;
SWS_042;30;0.86;0.12;0.02;32.76;5.75;1700;fSms;475010
SWS_042;60;0.86;0.12;0.02;40.32;5.75;1700;fSms;
SWS_042;90;0.86;0.12;0.02;39.47;5.75;1700;fSms;
SWS_043;30;0.86;0.12;0.02;31.37;5.75;1700;fSms;475010
SWS_043;60;0.86;0.12;0.02;35.13;5.75;1700;fSms;
SWS_043;90;0.86;0.12;0.02;38.85;5.75;1700;fSms;
SWS_044;30;0.86;0.12;0.02;31.56;5.75;1700;fSms;475010
SWS_044;60;0.86;0.12;0.02;37.22;5.75;1700;fSms;
SWS_044;90;0.86;0.12;0.02;36.71;5.75;1700;fSms;
SWS_045;30;0.86;0.12;0.02;20.6;5.75;1700;fSms;475010
SWS_045;60;0.86;0.12;0.02;35.63;5.75;1700;fSms;
SWS_045;90;0.86;0.12;0.02;34.69;5.75;1700;fSms;